datetime,Ten_Meter_Elevation_Wind_Speed_meterPerSecond,Air_Temperature_celsius,Relative_Humidity_percent,Shortwave_Radiation_Downwelling_wattPerMeterSquared,Surface_Level_Barometric_Pressure_pascal,Precipitation_meterPerSecond
2017-01-01 0:00,1.632417411,0.445135417,63.83645833,92.2704375,96349.56927,0.00E+00
2017-01-02 0:00,1.113257999,-2.474822917,93.98229167,17.10483333,97195.20281,1.50E-08
2017-01-03 0:00,1.639212798,0.500302083,102.0583333,14.1090625,95582.48896,1.15E-07
2017-01-04 0:00,2.084921875,1.55940625,80.796875,40.10911458,94345.01667,1.27E-08
2017-01-05 0:00,2.180549851,-6.025729167,54.1,50.25234375,95486.70542,0.00E+00
2017-01-06 0:00,1.528407924,-7.708833333,70.115625,75.34515625,96131.77063,1.16E-09
2017-01-07 0:00,2.063004464,-10.16114583,65.32916667,38.56969792,96653.48031,0.00E+00
2017-01-08 0:00,3.507803943,-11.45625,59.765625,80.04641667,96899.34167,0.00E+00
2017-01-09 0:00,1.121485677,-11.53522917,64.36458333,56.20290625,97861.42354,0
2017-01-10 0:00,0.971428385,-7.605760417,67.925,34.10834375,97372.31052,0.00E+00
2017-01-11 0:00,1.277455357,2.822541667,82.39895833,66.56125,96701.41771,1.19E-07
2017-01-12 0:00,1.384817522,9.678364583,90.41354167,23.06671875,96202.89802,6.48E-08
2017-01-13 0:00,3.572444196,1.356072917,68.121875,106.8391146,97531.1301,0.00E+00
2017-01-14 0:00,0.667966332,-5.208916667,78.034375,43.44735417,97746.11844,0
2017-01-15 0:00,1.333288504,-5.5806875,83.73645833,39.359875,97130.70521,8.10E-09
2017-01-16 0:00,0.633433408,-5.118625,77.55208333,106.7559063,97237.47615,1.27E-08
2017-01-17 0:00,0.791337426,0.32265625,94.896875,10.96719792,96490.37167,9.95E-08
2017-01-18 0:00,0.701077009,0.64275,101.9375,24.50678125,95951.07948,8.10E-09
2017-01-19 0:00,1.331622024,1.622395833,93.44375,21.7881875,96194.72625,2.31E-09
2017-01-20 0:00,0.510694754,0.873770833,95.65416667,22.66529167,95910.7774,4.75E-08
2017-01-21 0:00,0.5084109,5.52484375,96.14270833,87.22471875,95624.87635,2.31E-09
2017-01-22 0:00,0.972831101,4.836229167,101.5302083,64.58988542,95262.71427,1.16E-09
2017-01-23 0:00,4.402547061,0.800041667,93.74583333,16.48860417,95268.15646,0.00E+00
2017-01-24 0:00,3.21630599,-0.513104167,98.13854167,38.10302083,94453.35583,8.33E-08
2017-01-25 0:00,3.014443824,1.176833333,79.05208333,62.13513542,94890.91646,1.19E-07
2017-01-26 0:00,2.42238058,4.0078125,70.6875,79.70347917,94331.74885,8.91E-08
2017-01-27 0:00,2.793046317,0.073833333,67.40520833,42.96604167,94781.40083,1.16E-09
2017-01-28 0:00,2.154316778,-2.251791667,67.64270833,38.55372917,94923.23688,0.00E+00
2017-01-29 0:00,1.777388393,-1.355677083,58.7625,88.853875,95013.19438,0.00E+00
2017-01-30 0:00,1.848093378,-5.25559375,62.94166667,86.94273958,95366.51344,0
2017-01-31 0:00,0.749351563,-6.102697917,80.525,26.02605208,95423.81427,0
2017-02-01 0:00,1.82294339,-0.107604167,77.121875,63.88065625,95680.47667,1.62E-08
2017-02-02 0:00,1.493038132,-3.635979167,76.48958333,60.48670833,96289.58813,9.26E-09
2017-02-03 0:00,2.129371094,-7.800833333,61.415625,83.25307292,96554.96115,0.00E+00
2017-02-04 0:00,2.263032552,-7.633135417,53.76458333,153.1198229,96890.84917,0.00E+00
2017-02-05 0:00,1.64943936,-1.71396875,48.00625,44.93547917,95885.41219,0.00E+00
2017-02-06 0:00,2.280387835,-0.076302083,59.3,136.3081979,96185.17031,0.00E+00
2017-02-07 0:00,0.882119234,-1.05096875,94.80208333,16.6255,95599.11458,4.05E-08
2017-02-08 0:00,1.539254092,3.945729167,83.809375,76.08878125,95038.78938,2.31E-08
2017-02-09 0:00,4.332776414,-7.081677083,76.74166667,84.8038125,95278.84458,0.00E+00
2017-02-10 0:00,2.699449591,-7.904177083,58.77395833,133.6255729,96445.35958,0
2017-02-11 0:00,0.746345238,-1.026270833,66.31354167,110.2170521,95944.29281,4.63E-09
2017-02-12 0:00,1.113977307,-1.252927083,96.33854167,10.31721875,95734.66219,1.50E-08
2017-02-13 0:00,4.978009487,-3.134666667,78.965625,45.16190625,95578.66042,0
2017-02-14 0:00,1.560424107,-1.8534375,67.296875,143.4555833,95634.01583,1.26E-07
2017-02-15 0:00,1.925087612,0.517729167,75.42395833,78.30873958,94456.23333,1.16E-08
2017-02-16 0:00,4.318567894,-5.335447917,69.45104167,92.77803125,94888.06427,0.00E+00
2017-02-17 0:00,2.618507068,-4.510322917,63.021875,173.2892292,95659.5574,0.00E+00
2017-02-18 0:00,0.953570313,5.215541667,55.61145833,157.2162708,95364.48281,0.00E+00
2017-02-19 0:00,1.699712054,8.744989583,55.90625,137.1163229,95665.22948,0.00E+00
2017-02-20 0:00,2.561640811,2.84453125,54.58645833,181.4166979,96790.24021,0
2017-02-21 0:00,0.567853795,0.431489583,59.47291667,108.5955938,96993.63656,0
2017-02-22 0:00,0.244579055,5.11003125,84.89375,77.38210417,96098.92229,1.39E-08
2017-02-23 0:00,0.654834263,9.705458333,82.27708333,135.3383333,95752.5725,0.00E+00
2017-02-24 0:00,0.880502232,14.735625,75.41666667,172.5123958,95835.66448,1.16E-09
2017-02-25 0:00,1.785944196,11.75575,88.321875,35.96766667,95138.81771,1.60E-07
2017-02-26 0:00,3.511643415,-1.663260417,58.453125,118.7634792,96095.03073,1.16E-09
2017-02-27 0:00,1.009424107,2.2561875,51.63229167,117.5171354,97228.81625,0.00E+00
2017-02-28 0:00,0.810994048,8.181104167,61.63333333,157.4045729,96981.37146,0.00E+00
2017-03-01 0:00,1.570986359,12.969375,81.509375,47.98448958,95124.23125,3.47E-08
2017-03-02 0:00,4.826387835,1.958614583,49.940625,115.939,95427.15813,3.47E-09
2017-03-03 0:00,3.42269215,-5.704083333,60.67916667,157.976125,96820.55417,0.00E+00
2017-03-04 0:00,4.084447545,-9.885927083,60.75416667,139.7153229,97631.09656,0.00E+00
2017-03-05 0:00,2.335468006,-8.999177083,47.27708333,223.3969167,97872.53688,0.00E+00
2017-03-06 0:00,0.595424293,-0.932427083,44.678125,159.7286042,97377.96188,0.00E+00
2017-03-07 0:00,0.78687128,4.83896875,93.77291667,42.87160417,96683.69375,1.17E-07
2017-03-08 0:00,2.725028274,8.304916667,60.2625,200.7760208,95910.67198,3.47E-08
2017-03-09 0:00,3.760905692,6.135229167,37.41145833,205.9472188,96062.31104,0
2017-03-10 0:00,3.146281064,-3.611489583,81.63958333,44.03620833,95771.55563,2.89E-08
2017-03-11 0:00,4.351925037,-10.16802083,64.14791667,140.5867083,96362.01938,0.00E+00
2017-03-12 0:00,3.208009859,-9.403947917,60.01354167,187.7815313,96923.18458,0.00E+00
2017-03-13 0:00,1.082989397,-6.933125,53.696875,207.7933229,97202.23188,4.63E-09
2017-03-14 0:00,3.651002418,-6.831239583,94.303125,29.32303125,95098.42313,0.00E+00
2017-03-15 0:00,4.2642141,-9.4539375,76.58333333,120.5320104,94779.00677,0.00E+00
2017-03-16 0:00,4.44271131,-4.79896875,53.5125,207.1197396,95855.16188,6.13E-08
2017-03-17 0:00,2.19769308,-2.20609375,54.06666667,254.1248125,96695.8674,3.47E-09
2017-03-18 0:00,1.540647879,-3.245135417,78.63645833,38.67467708,96579.28948,0.00E+00
2017-03-19 0:00,2.196769345,0.617697917,69.01666667,242.0624688,96699.24417,6.94E-09
2017-03-20 0:00,1.873365885,0.4429375,61.425,195.0688646,96474.09229,0
2017-03-21 0:00,1.571509673,4.449989583,55.12604167,242.486125,95867.74146,0.00E+00
2017-03-22 0:00,5.030551525,-4.725010417,49.01770833,263.3213021,96641.99667,0.00E+00
2017-03-23 0:00,1.936081473,-5.507083333,46.56875,270.7197188,97709.02823,0.00E+00
2017-03-24 0:00,0.820846726,1.593895833,65.13854167,102.7228333,96966.73021,4.28E-08
2017-03-25 0:00,0.97081436,6.001520833,86.48958333,95.39753125,96798.53646,3.13E-08
2017-03-26 0:00,2.216672433,0.36378125,96.21041667,36.91936458,97298.27052,0.00E+00
2017-03-27 0:00,0.70247247,4.198479167,95.37395833,142.1001042,96356.08323,5.67E-08
2017-03-28 0:00,0.463610863,4.248416667,102.4114583,35.40344792,95992.38365,1.37E-07
2017-03-29 0:00,3.829062314,4.167125,67.55416667,260.4219896,96615.5776,0.00E+00
2017-03-30 0:00,0.923083519,2.338927083,59.37708333,150.5547813,96781.84385,0.00E+00
2017-03-31 0:00,2.394245536,1.051875,97.271875,23.97039583,95909.04354,4.31E-07
2017-04-01 0:00,2.973043609,1.867168421,89.78947368,106.7011354,95804.45074,2.20E-08
2017-04-02 0:00,2.4734641,5.700020833,63.13958333,258.4187604,96578.31156,0.00E+00
2017-04-03 0:00,0.826264695,8.60196875,63.484375,192.2936563,96267.90219,2.31E-09
2017-04-04 0:00,1.317055246,9.638625,92.48020833,78.54219792,95010.9724,1.15E-07
2017-04-05 0:00,2.239348958,10.05288542,64.665625,209.3338125,95835.34802,0.00E+00
2017-04-06 0:00,2.788460007,4.4094375,94.9875,17.79001042,94679.29146,3.90E-07
2017-04-07 0:00,3.521510975,2.147,82.525,116.9014583,94277.0349,1.97E-08
2017-04-08 0:00,4.015108631,3.196291667,53.315625,287.92425,95676.49406,0.00E+00
2017-04-09 0:00,1.131211682,9.256604167,39.67916667,292.2618125,96596.26115,0.00E+00
2017-04-10 0:00,1.17063244,16.82694792,38.26145833,251.29875,96657.08094,0.00E+00
2017-04-11 0:00,1.458310826,18.8521875,47.475,261.4894583,96618.76073,0.00E+00
2017-04-12 0:00,1.681924293,14.02340625,72.040625,166.7993333,96830.23875,2.55E-08
2017-04-13 0:00,2.821911644,6.704760417,58.18541667,232.1914792,97389.04156,0
2017-04-14 0:00,1.141567522,7.97109375,52.63125,290.7354167,97344.72802,0.00E+00
2017-04-15 0:00,2.478583147,12.79634375,56.00208333,254.1836667,96961.63885,0.00E+00
2017-04-16 0:00,2.945343564,18.36052083,67.71875,240.3463438,96037.90219,8.91E-08
2017-04-17 0:00,2.92710119,13.855,60.60625,217.9973542,96287.45729,1.16E-09
2017-04-18 0:00,1.725261347,9.594895833,55.14375,314.4885208,97290.98271,0.00E+00
2017-04-19 0:00,2.839136161,7.53709375,74.41458333,139.4687083,97321.13854,4.17E-08
2017-04-20 0:00,1.28978125,12.14739583,87.66145833,129.8325208,96490.4949,4.75E-08
2017-04-21 0:00,2.069363467,10.28,96.14270833,79.31534375,95976.60344,1.53E-07
2017-04-22 0:00,2.487869792,7.809458333,77.834375,79.7706875,96134.08396,8.10E-09
2017-04-23 0:00,1.556213728,9.9690625,56.54791667,319.8863021,96495.57938,0
2017-04-24 0:00,1.362166109,11.79516667,55.5625,150.2016354,96646.16438,0.00E+00
2017-04-25 0:00,2.586083519,9.234666667,86.36979167,46.86552083,96344.53104,4.75E-08
2017-04-26 0:00,1.496305432,12.36458333,93.43229167,115.69,95665.31948,0.00E+00
2017-04-27 0:00,1.932021205,16.10291667,86.57395833,162.8662188,95820.28979,0.00E+00
2017-04-28 0:00,1.727406994,19.06895833,60.28020833,297.4253854,96228.75875,0.00E+00
2017-04-29 0:00,2.23986942,16.645,76.225,148.2627813,96498.25354,1.04E-08
2017-04-30 0:00,2.12365067,11.9753125,60.709375,83.01258333,96851.02042,0.00E+00
2017-05-01 0:00,2.123356957,14.57197917,87.3375,107.3931354,95877.79698,0.00E+00
2017-05-02 0:00,3.258718192,14.47333333,65.59791667,157.6186667,95149.34865,5.56E-08
2017-05-03 0:00,3.558046503,9.564125,53.71979167,227.1529792,96132.42448,0.00E+00
2017-05-04 0:00,2.106326079,8.268197917,54.925,166.9663854,96822.16542,0.00E+00
2017-05-05 0:00,2.731053757,8.942979167,98.40520833,37.3678125,95392.17167,1.97E-07
2017-05-06 0:00,2.677197359,12.45975,87.759375,96.81802083,94223.19521,4.17E-08
2017-05-07 0:00,2.167269717,5.28953125,90.43958333,126.0175521,95037.62063,3.01E-08
2017-05-08 0:00,2.565561384,5.524625,65.09895833,214.9679688,95767.57823,3.47E-09
2017-05-09 0:00,1.781341518,6.766645833,57.546875,274.1856042,96090.71323,0.00E+00
2017-05-10 0:00,1.858768415,8.419895833,58.3375,292.2817917,96292.92281,0
2017-05-11 0:00,1.027777158,8.465385417,66.04583333,195.7731979,96217.57552,0.00E+00
2017-05-12 0:00,1.553686384,10.9180625,63.91354167,264.3626042,96274.47448,0.00E+00
2017-05-13 0:00,1.583915923,7.482802083,97.06875,51.512125,95869.54896,3.22E-07
2017-05-14 0:00,2.348926897,8.852489583,85.371875,189.7814167,95306.69115,1.16E-08
2017-05-15 0:00,4.673125558,10.89184375,67.92708333,269.0364271,95678.30354,0.00E+00
2017-05-16 0:00,1.763348958,14.58885417,59.1375,272.9970104,96356.18417,0.00E+00
2017-05-17 0:00,1.703027716,21.69354167,56.79479167,327.6123854,96254.50042,0.00E+00
2017-05-18 0:00,2.304998884,25.18645833,55.16979167,328.9888438,96111.09146,0.00E+00
2017-05-19 0:00,2.890813802,22.50125,58.57083333,292.5486667,96187.61521,0.00E+00
2017-05-20 0:00,1.881151414,13.081875,58.3,190.5151042,97115.4125,0.00E+00
2017-05-21 0:00,2.323727493,13.35427083,59.03645833,242.1327292,97213.41604,0.00E+00
2017-05-22 0:00,1.767524554,12.17458333,82.86875,62.13364583,96488.94615,0.00E+00
2017-05-23 0:00,0.818552083,13.37052083,70.90520833,153.9139792,96072.24365,0.00E+00
2017-05-24 0:00,1.663678943,14.35197917,72.334375,234.5506979,95551.14896,0.00E+00
2017-05-25 0:00,2.878230655,12.16833333,95.21770833,55.99754167,95067.18469,1.24E-07
2017-05-26 0:00,2.513516741,14.53322917,83.46145833,166.9072604,95169.24906,1.16E-08
2017-05-27 0:00,1.624129092,15.3975,78.153125,161.1504063,95975.63813,0.00E+00
2017-05-28 0:00,1.58218285,16.94208333,75.98958333,194.9725,96032.68458,0.00E+00
2017-05-29 0:00,1.919185082,12.01666667,95.1625,47.08434375,96122.43271,2.59E-07
2017-05-30 0:00,1.883266927,12.21197917,97.67604167,68.27020833,96595.8574,2.31E-09
2017-05-31 0:00,1.688053757,17.03666667,74.390625,314.8922396,96310.10615,3.13E-08
2017-06-01 0:00,2.012933656,15.7896875,66.36666667,295.5535521,96178.81063,1.16E-09
2017-06-02 0:00,2.450653646,13.83365625,58.83645833,327.39525,96234.95396,0.00E+00
2017-06-03 0:00,2.71103404,13.03879167,61.02916667,319.7710313,96292.7875,5.79E-09
2017-06-04 0:00,1.06146317,11.79355208,86.37604167,88.4266875,96188.93635,8.45E-08
2017-06-05 0:00,1.22784933,17.49822917,89.81145833,184.245375,95483.15917,7.64E-08
2017-06-06 0:00,2.289308594,11.6271875,94.9375,139.4031146,95566.04375,2.07E-07
2017-06-07 0:00,1.734326823,12.2070625,75.07083333,259.4900521,96294.56844,1.16E-09
2017-06-08 0:00,1.422203869,14.38986458,68.865625,297.1451042,96236.73052,0.00E+00
2017-06-09 0:00,2.085198661,16.2109375,62.17708333,325.9947813,95689.22219,0.00E+00
2017-06-10 0:00,2.008824405,19.60864583,66.38020833,286.8552813,96298.10344,1.04E-08
2017-06-11 0:00,1.962418155,23.57479167,60.17083333,349.9403333,96584.90896,0.00E+00
2017-06-12 0:00,1.680983631,23.81885417,61.95,343.5258542,96516.77021,0
2017-06-13 0:00,1.649157552,23.9534375,70.95520833,292.7778229,96268.6925,1.39E-08
2017-06-14 0:00,1.467277344,21.0903125,67.19895833,322.0362813,96410.34885,0
2017-06-15 0:00,1.740010789,18.63166667,70.29375,164.1064271,96401.38615,0
2017-06-16 0:00,1.542301339,16.53041667,85.828125,67.96605208,96231.06167,4.75E-08
2017-06-17 0:00,1.406564546,20.04291667,92.140625,156.6985208,96145.42167,2.31E-09
2017-06-18 0:00,2.422926897,23.91302083,80.759375,261.2422813,95872.07344,1.04E-08
2017-06-19 0:00,1.569820126,21.6403125,90.8625,145.3164063,95813.01083,1.67E-07
2017-06-20 0:00,2.402987723,19.94260417,68.64583333,315.5088438,96106.94063,0.00E+00
2017-06-21 0:00,1.536484561,18.88802083,67.609375,245.4031979,96211.50688,5.79E-09
2017-06-22 0:00,1.558977679,20.26510417,70.74270833,338.1679896,96334.43135,0.00E+00
2017-06-23 0:00,1.860783668,22.75604167,81.69270833,156.1264688,95610.6475,9.95E-08
2017-06-24 0:00,2.390481585,21.4065625,72.98333333,331.0632813,95594.34042,4.28E-08
2017-06-25 0:00,2.013054315,18.56760417,70.41354167,307.2952708,96312.5426,2.31E-09
2017-06-26 0:00,1.88287686,16.7221875,64.31354167,303.8610729,96405.91542,3.47E-09
2017-06-27 0:00,1.713983073,15.1475,75.47604167,233.9756667,96325.96688,1.16E-09
2017-06-28 0:00,2.032844866,16.5609375,64.86979167,339.7266875,96689.53073,0
2017-06-29 0:00,2.054895833,20.97875,60.24270833,262.08275,96625.27333,0
2017-06-30 0:00,2.116710565,22.96385417,76.353125,217.6659271,96300.6525,2.36E-07
2017-07-01 0:00,1.620944925,21.98726316,87.39473684,137.0474792,96129.76505,9.14E-08
2017-07-02 0:00,1.704379464,22.42604167,73.409375,328.6781354,96351.47729,0
2017-07-03 0:00,1.719903274,20.994375,69.28854167,312.1804896,96443.73083,0.00E+00
2017-07-04 0:00,1.198491257,20.1721875,66.75833333,336.5727292,96722.20052,0.00E+00
2017-07-05 0:00,1.419570499,20.0425,69.92291667,293.9842396,97016.79156,0.00E+00
2017-07-06 0:00,1.79536756,20.20510417,73.27916667,209.6772813,96711.1374,0.00E+00
2017-07-07 0:00,1.356356213,19.74041667,91.60208333,187.6328021,95865.45885,2.14E-07
2017-07-08 0:00,1.900777716,19.68572917,86.94166667,268.4690729,95736.33979,5.44E-08
2017-07-09 0:00,1.53577381,18.22427083,70.834375,331.0239479,96434.9101,1.16E-09
2017-07-10 0:00,1.547004092,20.4440625,66.26145833,256.8994792,96504.97771,0.00E+00
2017-07-11 0:00,0.928724144,20.229375,91.43229167,112.2734167,96301.14938,1.09E-07
2017-07-12 0:00,1.201181176,22.12895833,92.46770833,149.3970938,96433.19594,6.48E-08
2017-07-13 0:00,1.314772507,22.71333333,87.12395833,134.2313542,96476.10031,1.04E-08
2017-07-14 0:00,1.423831659,20.16708333,98.796875,89.14566667,96474.65135,2.19E-07
2017-07-15 0:00,2.086721726,20.09958333,83.01770833,258.8119583,96291.70948,3.47E-09
2017-07-16 0:00,1.150838914,20.290625,78.31979167,288.8749583,96358.4701,0.00E+00
2017-07-17 0:00,1.389843936,21.216875,85.11979167,202.2178854,96534.5075,1.50E-08
2017-07-18 0:00,1.225191592,23.26020833,84.24270833,258.3659479,96684.79948,1.16E-09
2017-07-19 0:00,1.687640625,24.19697917,76.36145833,323.9754583,96606.1201,0.00E+00
2017-07-20 0:00,1.546298735,22.82760417,85.69479167,245.7664896,96390.19719,8.22E-08
2017-07-21 0:00,1.603202009,23.1821875,83.04375,288.9618646,96223.83583,0.00E+00
2017-07-22 0:00,1.011055804,22.24270833,81.3,198.256375,96045.86656,3.47E-09
2017-07-23 0:00,1.641699777,21.31291667,85.03333333,149.9977813,95817.63469,0.00E+00
2017-07-24 0:00,2.104673549,17.82104167,96.75520833,126.0383854,95880.63479,6.17E-07
2017-07-25 0:00,1.480627418,16.81677083,96.84479167,100.7143646,96661.51135,3.36E-08
2017-07-26 0:00,1.368536458,17.6271875,87.009375,176.0725104,97049.12406,6.94E-09
2017-07-27 0:00,1.442879464,20.0134375,88.32291667,141.17475,96374.25156,1.16E-09
2017-07-28 0:00,1.362346726,20.44458333,82.74583333,203.6882813,96008.93906,1.16E-09
2017-07-29 0:00,2.635422433,18.34114583,64.10729167,310.2981771,96003.35281,0.00E+00
2017-07-30 0:00,1.805097284,17.67041667,68.190625,334.6547917,96519.01302,0.00E+00
2017-07-31 0:00,1.455474516,19.95333333,71.48020833,313.7506042,96708.72917,0.00E+00
2017-08-01 0:00,1.050578571,20.73694737,81.07368421,279.4509063,96659.61074,0.00E+00
2017-08-02 0:00,1.068611793,19.30458333,91.06770833,152.9576563,96682.37823,4.17E-08
2017-08-03 0:00,1.113271577,21.00666667,80.334375,259.1072188,96749.98479,0.00E+00
2017-08-04 0:00,1.839260603,22.03041667,82.59270833,233.5645729,96400.14354,2.31E-09
2017-08-05 0:00,2.286630952,18.58458333,77.103125,229.9142188,96131.27031,8.56E-08
2017-08-06 0:00,1.796864583,16.7015625,68.91458333,269.7854271,96663.2901,0.00E+00
2017-08-07 0:00,1.237012463,15.56041667,99.9125,32.42602083,96516.37396,7.87E-08
2017-08-08 0:00,1.847456845,17.95166667,81.984375,237.3968958,96373.6624,5.79E-09
2017-08-09 0:00,1.244898996,18.28041667,77.29270833,293.1322083,97040.80479,0.00E+00
2017-08-10 0:00,0.97285119,19.26916667,75.22083333,247.8921042,97137.14063,0.00E+00
2017-08-11 0:00,1.11534561,18.9815625,89.428125,133.4888021,96756.70823,1.74E-07
2017-08-12 0:00,1.458092634,20.79229167,87.72083333,224.2141146,96155.48906,1.17E-07
2017-08-13 0:00,1.541454799,19.18010417,81.81666667,216.8836354,96324.36969,0.00E+00
2017-08-14 0:00,0.812529762,17.91145833,85.63333333,145.080375,96503.41323,0.00E+00
2017-08-15 0:00,1.110794643,19.95135417,87.67291667,146.7084479,96176.8475,1.85E-08
2017-08-16 0:00,1.640765811,19.96625,81.48958333,259.1660208,96422.22521,1.16E-09
2017-08-17 0:00,1.31028776,19.88052083,80.51666667,265.0114479,96498.93177,0.00E+00
2017-08-18 0:00,1.576285528,22.38770833,98.80625,107.0505833,95919.33396,1.97E-07
2017-08-19 0:00,1.467486607,21.57427083,82.29375,254.1978438,95995.81094,5.67E-08
2017-08-20 0:00,2.004017485,19.04291667,82.61041667,287.3703958,96644.03219,0.00E+00
2017-08-21 0:00,1.309078125,21.6084375,81.19583333,223.2490313,96951.04021,0.00E+00
2017-08-22 0:00,2.097249442,23.69083333,83.90833333,248.5039063,96198.46083,1.27E-07
2017-08-23 0:00,2.11078404,18.8715625,75.93333333,265.6704375,95915.3851,1.39E-08
2017-08-24 0:00,1.557946987,15.98375,77.08229167,265.0376563,96278.29875,0
2017-08-25 0:00,1.909520833,15.30979167,78.834375,257.8550208,96787.07479,0
2017-08-26 0:00,1.185995164,14.0305625,79.05729167,261.7969583,97235.44135,0
2017-08-27 0:00,1.15908631,14.52591667,77.3875,277.9373958,97249.60219,0.00E+00
2017-08-28 0:00,1.398359933,14.5309375,79.85833333,197.5658333,97280.25229,0.00E+00
2017-08-29 0:00,1.498526228,13.28989583,98.396875,32.78590625,96958.51083,8.10E-09
2017-08-30 0:00,1.550335751,15.7534375,83.503125,222.8443542,96344.53594,0.00E+00
2017-08-31 0:00,2.210262835,15.91114583,82.06041667,168.7814583,96276.27615,0
2017-09-01 0:00,2.478526316,11.60405263,65.65157895,257.5282396,96786.66284,0
2017-09-02 0:00,1.489495536,10.05903125,87.42395833,125.9413646,96931.15146,6.25E-08
2017-09-03 0:00,1.558504092,13.0596875,101.0270833,80.58095833,96140.92115,1.75E-07
2017-09-04 0:00,2.36378497,17.72697917,77.71458333,257.8406563,96077.31073,0.00E+00
2017-09-05 0:00,1.815643601,20.10041667,81.70833333,115.9032188,95702.09271,8.80E-08
2017-09-06 0:00,1.06287407,14.1209375,102.3739583,29.11891667,96030.41406,2.75E-07
2017-09-07 0:00,1.797773438,13.5990625,85.12916667,178.4029792,96026.66083,1.16E-09
2017-09-08 0:00,1.74027567,12.14802083,83.61770833,156.1615313,96686.20698,1.16E-09
2017-09-09 0:00,2.212232329,10.91708333,86.33958333,150.3227292,97290.24844,1.16E-09
2017-09-10 0:00,1.69713058,12.64894792,77.634375,256.3306875,97590.38333,0
2017-09-11 0:00,0.729433594,13.40535417,80.04270833,247.5445,97295.48448,0
2017-09-12 0:00,0.785339286,15.52895833,83.55208333,212.3259063,96508.18073,0
2017-09-13 0:00,0.841220424,16.4721875,94.1625,135.1735833,96101.18615,1.16E-08
2017-09-14 0:00,0.978916667,18.44083333,96.30416667,113.5941146,96039.61219,6.94E-09
2017-09-15 0:00,1.087011161,19.2015625,91.23125,163.5681771,96588.35385,0.00E+00
2017-09-16 0:00,0.757950707,19.655625,88.83125,198.9355625,96912.58135,0.00E+00
2017-09-17 0:00,0.809508929,19.38385417,92.059375,197.0891563,96881.97021,2.31E-09
2017-09-18 0:00,1.268870536,18.61447917,89.428125,191.6206771,96777.11406,1.16E-09
2017-09-19 0:00,1.842136719,19.71885417,84.01979167,176.4669375,96495.43896,0.00E+00
2017-09-20 0:00,1.94558724,20.06354167,77.003125,216.4061771,96282.96313,0.00E+00
2017-09-21 0:00,1.152992188,20.06677083,80.078125,218.4722396,96564.24021,0.00E+00
2017-09-22 0:00,1.538570499,18.88572917,69.33333333,241.8421042,96587.08198,0.00E+00
2017-09-23 0:00,1.325489955,19.31072917,69.471875,235.1380625,96667.46479,0.00E+00
2017-09-24 0:00,0.895415365,21.52760417,81.24166667,221.4309375,96748.15333,0
2017-09-25 0:00,0.780853237,22.39739583,81.88958333,222.3905104,96654.38823,0
2017-09-26 0:00,0.770459449,22.05447917,83.82916667,205.1517604,96519.76406,0.00E+00
2017-09-27 0:00,0.798723586,20.84354167,82.44895833,211.0175729,96119.51771,1.16E-09
2017-09-28 0:00,3.715304501,15.74291667,69.45520833,211.5515729,96019.86792,0.00E+00
2017-09-29 0:00,1.46980692,10.60241667,80.3625,155.8987813,96381.50677,8.10E-09
2017-09-30 0:00,2.521573103,9.504791667,91.80104167,55.40365625,96836.73802,4.63E-09
2017-10-01 0:00,1.181895301,8.749989474,79.14631579,226.8474896,97448.82589,1.16E-09
2017-10-02 0:00,0.854775484,10.38052083,73.4625,229.4881146,97625.68375,0.00E+00
2017-10-03 0:00,1.333375186,11.7219375,79.23020833,215.4533646,98118.26229,0.00E+00
2017-10-04 0:00,1.655274926,16.43114583,75.73854167,213.452875,97445.20594,0.00E+00
2017-10-05 0:00,1.823408668,19.57885417,69.06041667,135.0432188,96743.43625,0.00E+00
2017-10-06 0:00,1.181684524,17.39489583,86.00520833,159.9020104,96689.28646,0.00E+00
2017-10-07 0:00,1.61271596,19.29520833,82.57708333,119.9902396,96575.92427,0.00E+00
2017-10-08 0:00,2.083823661,21.5125,90.184375,80.64108333,96175.90021,1.09E-07
2017-10-09 0:00,2.20912872,20.87635417,101.1333333,63.04814583,96061.59406,2.70E-07
2017-10-10 0:00,1.379834635,18.07458333,86.35833333,156.3660833,96671.3926,0.00E+00
2017-10-11 0:00,1.409094122,14.60041667,96.07083333,58.12185417,96810.13979,2.66E-08
2017-10-12 0:00,2.65787035,11.28822917,88.41770833,70.4543125,97349.21729,2.43E-08
2017-10-13 0:00,1.280523438,10.37942708,85.82395833,58.22397917,97554.45094,0.00E+00
2017-10-14 0:00,0.667747396,14.97958333,93.69895833,106.5604271,97119.44,1.16E-09
2017-10-15 0:00,1.348782924,16.624375,90.03854167,135.6917604,96224.37583,3.13E-08
2017-10-16 0:00,3.326922991,8.874291667,75.41041667,80.78169792,96447.46479,1.16E-09
2017-10-17 0:00,1.135089658,6.325552083,64.55208333,169.6374896,97118.18115,0
2017-10-18 0:00,1.044320499,12.27057292,60.52916667,161.4489063,97192.03677,0
2017-10-19 0:00,1.164701451,14.36708333,56.58645833,163.4489375,96822.42125,0.00E+00
2017-10-20 0:00,2.006560082,13.7921875,51.77708333,158.7004063,96867.55156,0
2017-10-21 0:00,0.465214658,13.08122917,59.878125,148.3363646,97363.84698,0.00E+00
2017-10-22 0:00,0.439305804,13.83646875,66.125,149.9287708,97500.53052,0
2017-10-23 0:00,1.04034096,15.4228125,89.296875,38.65616667,96922.34635,1.16E-09
2017-10-24 0:00,1.484622024,17.80760417,83.66770833,92.46217708,95589.42406,2.77E-07
2017-10-25 0:00,1.048313988,10.69791667,63.58645833,122.4220521,95480.5,0.00E+00
2017-10-26 0:00,2.327973028,6.691197917,73.43645833,82.2169375,95537.05708,0.00E+00
2017-10-27 0:00,0.849874628,8.283416667,63.396875,142.3888958,96315.77979,0.00E+00
2017-10-28 0:00,1.0315891,12.37158333,67.56875,129.6026146,96091.92521,0.00E+00
2017-10-29 0:00,1.581031808,13.37215625,99.68958333,18.0868125,94967.22083,3.63E-07
2017-10-30 0:00,3.19372526,6.710239583,75.29895833,91.59728125,94456.36208,1.33E-07
2017-10-31 0:00,1.870450707,5.312895833,59.6875,134.2876146,96270.79781,0.00E+00
2017-11-01 0:00,0.731532895,4.029378947,78.55473684,18.8854375,97084.61653,3.47E-09
2017-11-02 0:00,0.836826079,14.290625,82.76979167,79.2550625,96937.55083,0.00E+00
2017-11-03 0:00,2.12750279,13.5155625,77.85625,47.61471875,96634.30594,0.00E+00
2017-11-04 0:00,1.160517485,6.570833333,64.28541667,111.9110208,97211.78792,0.00E+00
2017-11-05 0:00,1.19813244,9.553885417,99.73020833,19.06190625,96820.73427,5.79E-09
2017-11-06 0:00,2.32222061,11.59013542,92.009375,34.2516875,96212.39188,5.79E-09
2017-11-07 0:00,1.647042969,1.500677083,86.06875,26.95894792,96846.17177,1.74E-08
2017-11-08 0:00,1.351647879,2.0335625,84.28229167,120.042,96946.61615,0.00E+00
2017-11-09 0:00,0.686064546,1.804375,97.45520833,50.4381875,96580.20135,2.08E-08
2017-11-10 0:00,4.449538318,-3.096989583,64.50833333,111.3821563,96881.61021,3.47E-09
2017-11-11 0:00,1.76805506,-4.711854167,55.10625,113.7724167,97782.80448,0.00E+00
2017-11-12 0:00,0.577424851,-0.289104167,50.015625,110.0215938,97501.55365,0.00E+00
2017-11-13 0:00,0.540150298,1.590375,73.803125,35.17665625,97246.82708,1.16E-09
2017-11-14 0:00,1.358725632,2.830041667,79.72604167,42.10682292,97189.16354,0.00E+00
2017-11-15 0:00,0.780355283,1.978645833,80.43229167,107.9252396,96827.92542,0.00E+00
2017-11-16 0:00,2.101301339,5.408854167,85.509375,64.14128125,95792.36979,2.43E-08
2017-11-17 0:00,3.336000744,0.437520833,66.190625,107.6213958,96407.34604,5.79E-09
2017-11-18 0:00,0.84775651,1.666083333,86.975,16.534625,95406.12823,4.63E-08
2017-11-19 0:00,3.443054129,4.806302083,81.64166667,27.62139583,94504.94281,5.90E-08
2017-11-20 0:00,2.353136905,0.378541667,68.63125,77.5935,96086.76667,8.10E-09
2017-11-21 0:00,1.357186942,5.82015625,48.91354167,115.1012708,96274.84594,0.00E+00
2017-11-22 0:00,2.722247396,3.0818125,77.878125,30.008875,96179.00469,2.31E-09
2017-11-23 0:00,2.269696615,-2.282708333,65.65208333,105.4390938,96368.28771,0.00E+00
2017-11-24 0:00,0.710855655,1.915239583,56.63020833,103.4919896,96091.77417,0.00E+00
2017-11-25 0:00,1.141708519,6.44765625,54.1625,71.07877083,95396.3149,0.00E+00
2017-11-26 0:00,2.959764695,1.62384375,68.125,65.98540625,95938.94094,1.50E-08
2017-11-27 0:00,2.106146577,1.700322917,63.1625,78.067,96358.89406,0.00E+00
2017-11-28 0:00,0.595065104,2.27953125,75.59895833,94.24061458,97139.85208,0.00E+00
2017-11-29 0:00,2.446459821,7.1758125,53.09270833,93.09726042,96718.80177,0.00E+00
2017-11-30 0:00,0.795976935,1.732114583,78.19583333,84.09971875,96781.375,9.26E-09
2017-12-01 0:00,1.727557331,3.362115789,75.34315789,57.66410417,96734.95547,0.00E+00
2017-12-02 0:00,0.311385789,0.5358125,82.2125,63.72004167,96975.80438,0.00E+00
2017-12-03 0:00,0.374919271,0.950208333,93.37083333,45.65510417,96816.21656,0.00E+00
2017-12-04 0:00,0.464161272,1.221145833,87.50520833,67.904875,97329.44063,2.31E-09
2017-12-05 0:00,1.262012649,7.758625,97.71458333,11.81321875,96487.16708,4.51E-08
2017-12-06 0:00,2.090260417,1.826541667,61.934375,83.8684375,95948.83469,3.47E-09
2017-12-07 0:00,1.700424851,-0.12240625,57.77604167,77.59875,96034.75656,0.00E+00
2017-12-08 0:00,1.462462984,-3.1745625,57.83541667,56.33064583,96171.69323,0.00E+00
2017-12-09 0:00,0.824073847,-3.597291667,81.36354167,15.24354167,95652.63031,0.00E+00
2017-12-10 0:00,1.633420015,-3.75571875,79.01770833,51.63586458,95684.0851,4.17E-08
2017-12-11 0:00,1.377357143,-2.073572917,66.81979167,42.9925,96047.74542,1.16E-09
2017-12-12 0:00,2.036945126,-1.10203125,80.090625,21.50732292,94837.08688,5.79E-09
2017-12-13 0:00,3.630848772,-8.92265625,61.96770833,85.78096875,94648.74656,0.00E+00
2017-12-14 0:00,2.287275298,-8.356,74.03229167,35.68329167,95279.99385,0.00E+00
2017-12-15 0:00,0.615478237,-9.4385,78.3,30.96442708,95965.79938,0.00E+00
2017-12-16 0:00,1.867220796,-4.534770833,74.396875,25.03544792,96038.47531,3.47E-09
2017-12-17 0:00,0.412752232,-3.095802083,79.07291667,42.18661458,96823.26563,2.08E-08
2017-12-18 0:00,0.839287946,1.701802083,82.234375,48.59680208,96238.70625,0
2017-12-19 0:00,2.041327381,5.992020833,71.621875,55.39994792,95569.14917,0.00E+00
2017-12-20 0:00,3.474451637,1.171916667,54.075,66.06865625,95761.98208,0.00E+00
2017-12-21 0:00,2.076267857,-2.698739583,59.675,79.84233333,96596.21771,0
2017-12-22 0:00,0.629809896,-1.149958333,72.121875,16.07832292,96645.74885,1.16E-09
2017-12-23 0:00,1.097167039,1.658322917,100.5166667,5.628510417,95755.52948,1.89E-07
2017-12-24 0:00,2.31025744,-1.005875,76.93645833,73.06944792,96423.595,0.00E+00
2017-12-25 0:00,2.803107887,-3.9074375,72.98541667,44.88234375,95640.32813,0.00E+00
2017-12-26 0:00,1.896417597,-10.039375,55.72916667,62.54570833,97007.19281,0.00E+00
2017-12-27 0:00,1.607457403,-13.26145833,67.18854167,78.00967708,97302.07469,0
2017-12-28 0:00,2.947301339,-14.88875,59.75625,81.0788125,97404.60104,0.00E+00
2017-12-29 0:00,1.840927641,-14.03958333,70.50625,64.29707292,96822.92156,0.00E+00
2017-12-30 0:00,1.065383557,-11.18260417,82.640625,20.39122917,95908.92656,0.00E+00
2017-12-31 0:00,3.112015067,-15.28947917,66.85833333,38.83635417,96500.69698,0.00E+00
2018-01-01 0:00,2.309123684,-16.10284211,68.27263158,87.90402083,96779.63937,0.00E+00
2018-01-02 0:00,1.897976749,-12.47479167,67.02291667,80.28002083,96779.0299,0.00E+00
2018-01-03 0:00,1.039151228,-10.37875,50.296875,69.88897917,96503.34854,1.74E-08
2018-01-04 0:00,3.512938802,-9.247395833,73.06458333,26.38555208,94884.58208,0.00E+00
2018-01-05 0:00,5.149041295,-16.35635417,59.30104167,83.66636458,95079.59896,0.00E+00
2018-01-06 0:00,4.495081473,-17.70510417,53.36979167,92.47986458,96214.60333,0.00E+00
2018-01-07 0:00,1.402433036,-15.20511458,57.359375,93.04041667,97202.61385,0.00E+00
2018-01-08 0:00,1.026789435,-4.678395833,64.89166667,27.50132292,96290.7801,1.16E-09
2018-01-09 0:00,2.606615513,-0.73009375,66.30833333,66.76064583,96465.38354,1.16E-09
2018-01-10 0:00,0.501667225,-3.29403125,71.36875,80.79589583,97189.29333,0.00E+00
2018-01-11 0:00,1.111555432,6.763729167,88.209375,48.28391667,96867.35177,0.00E+00
2018-01-12 0:00,1.353343006,13.27710417,102.525,28.46145833,95566.54625,2.96E-07
2018-01-13 0:00,4.351828869,-7.272958333,82.46666667,67.54111458,95862.8401,1.62E-07
2018-01-14 0:00,2.743609933,-13.04302083,66.09375,108.5230521,97692.68917,0
2018-01-15 0:00,1.348221912,-10.73822917,76.921875,48.93290625,97727.91125,0.00E+00
2018-01-16 0:00,0.446361607,-4.225583333,89.93958333,43.16886458,97260.16865,1.97E-08
2018-01-17 0:00,0.945575521,-7.370479167,90.959375,12.15189583,96818.85396,0.00E+00
2018-01-18 0:00,1.775184896,-11.12191667,73.21458333,54.36154167,96138.54573,0.00E+00
2018-01-19 0:00,1.097824963,-5.5313125,66.35104167,81.72003125,95963.97594,1.27E-08
2018-01-20 0:00,2.009134301,2.639385417,54.859375,64.70866667,95781.49188,6.94E-09
2018-01-21 0:00,0.760477493,1.383760417,80.21666667,92.32182292,96537.32333,2.31E-09
2018-01-22 0:00,0.300358259,2.49946875,102.4989583,34.259375,96487.02552,1.50E-08
2018-01-23 0:00,1.455259487,5.27796875,89.89479167,46.37707292,95243.33865,2.94E-07
2018-01-24 0:00,3.656053199,-2.360270833,68.95,36.01222917,95938.72312,0.00E+00
2018-01-25 0:00,2.677191406,-7.346197917,57.765625,125.7496563,97227.70833,0.00E+00
2018-01-26 0:00,0.550329985,-4.900770833,63.32708333,124.6579479,97899.25042,0.00E+00
2018-01-27 0:00,1.004739025,2.923322917,62.89270833,85.63976042,97220.22229,0.00E+00
2018-01-28 0:00,0.594472656,4.083166667,85.303125,54.22657292,96981.53292,1.85E-08
2018-01-29 0:00,0.775097656,-0.739770833,80.00833333,98.95947917,96727.82604,1.16E-09
2018-01-30 0:00,2.890112537,-4.729302083,69.8625,50.48254167,96214.94344,0.00E+00
2018-01-31 0:00,1.757455357,-8.98471875,59.63020833,92.39886458,96544.01802,0.00E+00
2018-02-01 0:00,0.639500752,0.7268,63.40947368,29.2438125,95815.94853,6.94E-09
2018-02-02 0:00,4.238500744,-8.47028125,71.18125,101.5693854,96245.67031,4.63E-09
2018-02-03 0:00,1.640932292,-9.176875,56.2,116.6556667,97020.76,1.16E-09
2018-02-04 0:00,1.156154576,-2.663958333,79.5375,31.58516667,96211.97135,9.26E-09
2018-02-05 0:00,2.991388393,-5.99653125,77.90104167,133.84975,96065.17406,2.31E-09
2018-02-06 0:00,0.864689174,-6.468770833,72.24375,93.24873958,97131.18615,3.94E-08
2018-02-07 0:00,1.870324405,-5.019302083,95.86145833,16.28866667,96733.21177,0.00E+00
2018-02-08 0:00,2.258368118,-7.72309375,69.759375,118.3427188,97059.18667,5.79E-09
2018-02-09 0:00,0.700167225,-6.371270833,77.084375,52.32997917,97485.24615,0.00E+00
2018-02-10 0:00,0.586662946,2.594291667,84.86979167,56.7606875,96749.48323,2.06E-07
2018-02-11 0:00,0.321047619,4.031104167,102.5052083,24.92365625,96064.25615,1.85E-07
2018-02-12 0:00,3.380083147,0.8371875,72.20416667,116.6655208,97233.66906,5.79E-09
2018-02-13 0:00,1.346742188,-4.409270833,58.01666667,163.0117083,98391.0401,0.00E+00
2018-02-14 0:00,0.654824963,1.205729167,82.584375,69.62938542,97009.50927,2.66E-08
2018-02-15 0:00,0.989907552,9.311270833,87.79166667,100.8417708,95709.90417,2.43E-08
2018-02-16 0:00,2.348596168,5.423885417,90.08020833,28.73714583,95444.8474,9.03E-08
2018-02-17 0:00,1.260243118,-4.177239583,74.54270833,121.7238854,96876.14229,0
2018-02-18 0:00,2.027981213,-1.781125,80.45625,113.7655104,96909.96615,6.25E-08
2018-02-19 0:00,0.983631882,0.77421875,87.121875,36.89025,97377.83375,5.90E-08
2018-02-20 0:00,1.321289249,12.16184375,83.16875,140.9201042,97127.93188,1.16E-09
2018-02-21 0:00,2.05640532,14.50404167,76.38229167,146.9074063,97254.12771,2.31E-09
2018-02-22 0:00,1.793282738,1.280479167,94.60416667,18.71840625,98074.92802,1.46E-07
2018-02-23 0:00,1.193402344,-0.058677083,102.5,19.72884375,97683.9676,4.75E-08
2018-02-24 0:00,1.014734561,3.870375,102.1760417,33.0236875,96793.63958,7.87E-08
2018-02-25 0:00,1.345576265,3.0161875,102.5,20.18648958,96285.30302,2.09E-07
2018-02-26 0:00,1.76190532,3.936291667,66.29166667,129.0283229,96634.47948,1.16E-09
2018-02-27 0:00,1.435709263,3.88365625,46.82083333,192.5285417,97171.01292,0.00E+00
2018-02-28 0:00,0.940684896,7.254052083,50.97916667,172.153625,96233.00302,1.16E-09
2018-03-01 0:00,1.304929699,6.705789474,80.80421053,75.68369792,95559.03274,9.61E-08
2018-03-02 0:00,4.516798921,-0.828135417,102.5,8.1241875,94965.12031,1.28E-07
2018-03-03 0:00,4.680572173,-1.56909375,90.79583333,59.43048958,96464.90292,8.10E-08
2018-03-04 0:00,4.272796689,-1.681010417,72.575,148.0788958,96742.07083,0.00E+00
2018-03-05 0:00,3.512196801,-2.628166667,68.325,143.6345729,96501.91073,0.00E+00
2018-03-06 0:00,0.83374814,-1.21334375,73.271875,203.7812083,96109.51229,0.00E+00
2018-03-07 0:00,2.244367188,-1.5003125,102.2729167,21.61179167,95412.4851,0.00E+00
2018-03-08 0:00,2.102694568,-2.306708333,86.88541667,89.68308333,95231.26604,7.87E-08
2018-03-09 0:00,1.970414621,-3.020635417,85.92604167,78.81634375,95232.17344,3.13E-08
2018-03-10 0:00,2.930476935,-2.364895833,63.646875,114.4563125,95903.5024,1.04E-08
2018-03-11 0:00,2.687794829,-2.027666667,62.24375,194.5473542,96363.77417,0.00E+00
2018-03-12 0:00,1.07990253,-3.417364583,83.53854167,118.1397292,95982.85156,0.00E+00
2018-03-13 0:00,3.025683966,-2.433166667,83.203125,61.20686458,95215.67979,0
2018-03-14 0:00,2.87585119,-3.886145833,89.11354167,114.272,94768.51323,2.78E-08
2018-03-15 0:00,2.895165179,-2.06271875,69.23958333,193.2140625,94773.33833,4.28E-08
2018-03-16 0:00,3.995767299,-3.808864583,67.90625,155.5507083,95356.78417,1.04E-08
2018-03-17 0:00,2.900582403,-2.221708333,50.67083333,247.4472396,95551.37021,1.16E-09
2018-03-18 0:00,2.473613839,-3.248125,44.065625,251.5505104,95817.32344,0
2018-03-19 0:00,1.860767671,-2.422822917,46.59270833,252.3259063,95905.18875,0.00E+00
2018-03-20 0:00,1.408668713,-3.479822917,46.515625,103.4254792,95774.10646,0.00E+00
2018-03-21 0:00,2.932532366,-0.61625,53.20833333,50.4573125,95233.38385,3.47E-09
2018-03-22 0:00,3.97625651,0.125572917,56.49583333,184.117375,95762.93469,0.00E+00
2018-03-23 0:00,3.058560082,-0.377010417,58.940625,182.0553021,96286.3925,0.00E+00
2018-03-24 0:00,2.965511347,-0.66659375,53.53333333,262.4576771,96535.76323,0.00E+00
2018-03-25 0:00,1.631500744,-2.302322917,67.78854167,157.9946667,97353.63292,6.94E-09
2018-03-26 0:00,0.816071057,-0.211197917,60.89791667,281.5201667,98204.39771,0.00E+00
2018-03-27 0:00,0.557076079,0.074791667,66.10625,113.2769063,97548.84917,4.17E-08
2018-03-28 0:00,0.358097284,3.1348125,98.17083333,88.8999375,96335.93115,3.59E-08
2018-03-29 0:00,0.364929688,5.559989583,102.4895833,45.14942708,96059.34854,3.47E-09
2018-03-30 0:00,2.562647879,5.93203125,89.27916667,76.12861458,95689.00042,6.71E-08
2018-03-31 0:00,1.714148996,4.103697917,44.11354167,277.3114792,96727.55552,0.00E+00
2018-04-01 0:00,2.17256015,4.3364,57.62947368,135.5358021,96205.46674,1.04E-08
2018-04-02 0:00,1.252143043,0.050729167,80.98020833,122.1146771,96473.31344,8.68E-08
2018-04-03 0:00,0.652047061,0.70134375,94.94583333,21.9885,96253.64427,1.18E-07
2018-04-04 0:00,3.155446243,5.199520833,77.13958333,156.4615521,94948.93521,1.50E-08
2018-04-05 0:00,3.773756138,-1.769208333,49.33958333,233.3258229,96243.8276,0.00E+00
2018-04-06 0:00,1.368869792,2.128322917,68.496875,97.23782292,95789.16292,0.00E+00
2018-04-07 0:00,3.33193192,-0.284895833,57.41458333,236.1265,95730.45479,9.26E-09
2018-04-08 0:00,2.893817708,-2.841802083,60.00625,157.6357292,95913.55854,0.00E+00
2018-04-09 0:00,1.381623326,-0.753604167,57.01875,229.5578125,96557.85375,0.00E+00
2018-04-10 0:00,1.751704613,0.260270833,74.99583333,139.9818854,96646.25563,5.79E-09
2018-04-11 0:00,0.833577939,1.325333333,59.28541667,147.0338438,96556.96521,0.00E+00
2018-04-12 0:00,0.879917039,8.501208333,62.584375,96.85216667,96050.31781,3.47E-09
2018-04-13 0:00,1.180817522,18.01541667,42.55729167,189.2549271,95738.90458,0.00E+00
2018-04-14 0:00,1.916563616,15.69775,54.38229167,244.0830417,95641.13813,0.00E+00
2018-04-15 0:00,3.769640811,1.14159375,97.41770833,36.33304167,96333.21677,1.27E-08
2018-04-16 0:00,3.359968936,2.53825,102.259375,37.83872917,94699.97979,4.69E-07
2018-04-17 0:00,2.295382068,0.384239583,87.815625,75.0514375,94562.03229,1.16E-08
2018-04-18 0:00,2.022002604,1.514875,67.14895833,144.7816771,95362.94125,1.16E-09
2018-04-19 0:00,2.604890811,0.631645833,87.584375,99.88591667,95493.33448,3.13E-08
2018-04-20 0:00,3.912364769,-0.065875,65.47395833,217.3101146,96808.49344,2.31E-09
2018-04-21 0:00,2.098445126,4.579927083,51.02083333,311.2595417,97294.80052,0
2018-04-22 0:00,1.411499814,7.196947917,40.26875,325.5525313,97339.91229,0.00E+00
2018-04-23 0:00,0.799560454,9.41340625,41.38333333,328.4563646,97474.66479,0.00E+00
2018-04-24 0:00,1.010958519,10.446375,53.17083333,284.1751667,97072.5899,8.10E-09
2018-04-25 0:00,1.922486607,10.367625,102.3270833,80.610375,95668.59844,1.34E-07
2018-04-26 0:00,2.72444401,10.217875,72.93854167,252.7885208,95418.71302,2.31E-09
2018-04-27 0:00,0.785806548,6.988864583,101.1729167,46.60045833,95549.47479,9.72E-08
2018-04-28 0:00,1.252573475,10.92648958,80.54479167,250.7378125,95502.27698,5.32E-08
2018-04-29 0:00,3.149143415,4.65778125,73.41041667,156.4194479,96050.12531,0
2018-04-30 0:00,2.973777716,6.573260417,50.97291667,112.9043021,96218.64625,0
2018-05-01 0:00,1.905141353,14.76875789,33.16315789,321.9036563,96428.42958,0
2018-05-02 0:00,1.646852121,20.9509375,33.021875,318.9353333,96440.34417,0
2018-05-03 0:00,1.487130766,21.34822917,63.93020833,252.8290625,96162.86292,7.99E-08
2018-05-04 0:00,1.575183408,20.4409375,78.028125,133.3063021,95704.39969,5.79E-09
2018-05-05 0:00,2.277304129,15.92125,47.75729167,251.9745208,96189.65073,0.00E+00
2018-05-06 0:00,1.222817522,11.48885417,99.12083333,45.32429167,95958.0799,1.81E-07
2018-05-07 0:00,1.047122768,12.24755208,84.84895833,167.1172917,96260.84844,1.16E-09
2018-05-08 0:00,1.058926897,14.80761458,68.64375,250.3901979,96693.63354,0
2018-05-09 0:00,1.629353051,17.27854167,53.67708333,289.0836875,96429.8975,0.00E+00
2018-05-10 0:00,2.195292039,15.664375,71.07395833,154.4018542,95767.75115,3.47E-08
2018-05-11 0:00,2.669150484,12.73041667,59.58333333,303.1471042,96176.17844,1.16E-09
2018-05-12 0:00,1.56384933,8.416020833,98.67395833,48.06182292,96364.90385,1.67E-07
2018-05-13 0:00,1.433566778,8.37375,102.5,43.31185417,96403.75865,7.75E-08
2018-05-14 0:00,1.332394159,15.48697917,83.49166667,262.0412292,95996.55917,0
2018-05-15 0:00,2.127137649,19.30729167,85.740625,207.3030104,95791.58458,6.60E-08
2018-05-16 0:00,1.046703125,12.92770833,102.5,59.2243125,96404.39906,1.78E-07
2018-05-17 0:00,0.746609375,16.0140625,87.60208333,161.6560208,96299.55729,4.17E-08
2018-05-18 0:00,2.148306548,15.5965625,71.46666667,280.6334375,96970.48719,0.00E+00
2018-05-19 0:00,1.755607143,9.70971875,93.225,50.848,96775.54792,3.44E-07
2018-05-20 0:00,2.196020275,17.62947917,92.18020833,159.8651667,96201.77073,2.31E-09
2018-05-21 0:00,1.283822173,16.2496875,66.39479167,353.0002813,96727.31833,0
2018-05-22 0:00,1.330167411,13.03572917,92.53645833,56.38823958,96423.16958,1.59E-07
2018-05-23 0:00,2.176090216,16.95833333,76.36875,275.2663125,96150.30604,5.32E-08
2018-05-24 0:00,2.078858073,18.716875,51.64270833,349.8662188,96633.95281,0.00E+00
2018-05-25 0:00,2.03494122,20.95520833,51.815625,339.3982708,96202.73302,0.00E+00
2018-05-26 0:00,1.478621838,22.94135417,60.559375,285.9413438,95839.69823,0.00E+00
2018-05-27 0:00,1.76725279,16.31229167,100.3739583,38.17023958,96279.72354,7.29E-08
2018-05-28 0:00,1.610638951,15.8809375,93.015625,222.6255729,96393.84135,0.00E+00
2018-05-29 0:00,1.353367374,23.38916667,72.27083333,323.3419479,96261.84979,0.00E+00
2018-05-30 0:00,1.851473958,20.94197917,72.028125,297.4828125,96464.21365,0.00E+00
2018-05-31 0:00,1.874585565,17.95427083,99.59583333,109.9979063,96211.45094,0.00E+00
2018-06-01 0:00,1.226981391,22.24147368,88.78947368,232.7382188,95599.07811,1.39E-08
2018-06-02 0:00,1.940477307,20.38416667,91.721875,190.0141563,95605.14531,0.00E+00
2018-06-03 0:00,2.937377046,14.8971875,82.81145833,140.0906979,95952.44688,6.94E-09
2018-06-04 0:00,1.796002046,14.033125,81.75416667,204.483375,95427.63552,3.94E-08
2018-06-05 0:00,2.140069382,13.96989583,71.64375,193.7942708,95186.37271,1.50E-08
2018-06-06 0:00,1.693109933,12.81635417,74.5875,184.0228125,95733.81594,0.00E+00
2018-06-07 0:00,1.177074219,15.6446875,74.534375,227.7131146,96380.7899,0.00E+00
2018-06-08 0:00,1.534573847,18.39854167,71.815625,276.6813854,96612.60031,0.00E+00
2018-06-09 0:00,1.340512649,17.97927083,61.76770833,282.7282917,96596.96396,0.00E+00
2018-06-10 0:00,0.909854353,14.244375,83.73645833,64.24386458,96351.8974,4.40E-08
2018-06-11 0:00,1.429010417,16.01770833,73.46979167,303.0075417,96293.91938,0.00E+00
2018-06-12 0:00,2.1380266,16.75375,53.209375,357.31475,96657.62531,0.00E+00
2018-06-13 0:00,2.26384747,18.43802083,86.675,77.81213542,95830.43146,1.27E-08
2018-06-14 0:00,3.600992188,19.21135417,54.25104167,338.5144583,95615.6501,0.00E+00
2018-06-15 0:00,3.128380394,16.59229167,58.45104167,313.9825938,96072.59948,0.00E+00
2018-06-16 0:00,1.342585007,17.29302083,60.18125,350.9372083,96334.13208,0.00E+00
2018-06-17 0:00,1.080144717,21.29958333,65.73020833,337.8003438,96490.29323,0.00E+00
2018-06-18 0:00,1.833079985,24.68760417,72.07395833,275.673125,96147.7226,2.31E-09
2018-06-19 0:00,2.810454055,21.69125,71.884375,324.3228958,95774.50958,5.21E-08
2018-06-20 0:00,1.127077009,18.94135417,69.05208333,193.8091146,95779.79604,0.00E+00
2018-06-21 0:00,1.740658482,20.06541667,67.90520833,296.2230208,95601.13073,0.00E+00
2018-06-22 0:00,1.836273065,17.13729167,75.3625,176.9965208,96092.28219,0.00E+00
2018-06-23 0:00,1.818427827,15.35302083,92.32291667,105.9689271,95747.03229,7.06E-08
2018-06-24 0:00,2.03500186,20.4046875,87,236.1107083,95610.05771,5.56E-08
2018-06-25 0:00,3.140568638,17.784375,70.3625,320.6910417,96336.67583,0.00E+00
2018-06-26 0:00,1.398075521,16.69380208,65.44895833,349.6044688,96860.2401,0.00E+00
2018-06-27 0:00,2.111120536,16.7578125,91.315625,61.27752083,96206.07271,3.70E-08
2018-06-28 0:00,1.964353051,21.14447917,88.65,223.0499375,95576.52427,9.03E-08
2018-06-29 0:00,2.171646205,22.28979167,72.78125,346.8332188,96190.28083,0
2018-06-30 0:00,1.304047991,23.92583333,69.80833333,340.939125,96457.69167,0.00E+00
2018-07-01 0:00,1.225376504,26.23063158,72.79578947,298.4213646,96498.936,0.00E+00
2018-07-02 0:00,1.471884115,26.41229167,71.23958333,332.1080521,96603.13708,0.00E+00
2018-07-03 0:00,0.96353497,24.55760417,88.190625,250.9150938,96938.07365,1.26E-07
2018-07-04 0:00,0.996504836,22.99447917,95.45520833,137.0285104,97213.28896,2.31E-09
2018-07-05 0:00,1.675184338,24.59177083,79.48645833,287.9300521,97039.77302,0.00E+00
2018-07-06 0:00,2.840547805,21.82166667,75.98333333,202.7660938,96538.07688,5.56E-08
2018-07-07 0:00,1.511533854,16.923125,58.52083333,363.9732604,97317.73125,0
2018-07-08 0:00,1.08315997,18.680625,64.61145833,354.4597396,97372.96625,0.00E+00
2018-07-09 0:00,1.586575149,21.249375,61.18229167,352.5264583,96815.86823,0.00E+00
2018-07-10 0:00,1.619979539,22.11260417,71.52083333,317.9764583,96127.92469,1.22E-07
2018-07-11 0:00,1.984182664,20.25677083,72.546875,303.2404583,96200.77781,1.16E-09
2018-07-12 0:00,1.079169829,19.15958333,64.52604167,314.7311979,96830.79531,0.00E+00
2018-07-13 0:00,1.227448847,21.34010417,67.38854167,273.9520938,96937.46573,0
2018-07-14 0:00,1.787985119,23.49510417,66.23229167,276.4769063,96622.85615,1.17E-07
2018-07-15 0:00,1.322742374,22.71489583,87.13645833,234.8908646,96352.55813,8.45E-08
2018-07-16 0:00,1.218530134,24.60177083,81.34791667,267.7040417,96159.31823,0.00E+00
2018-07-17 0:00,1.525000186,22.39395833,89.83541667,107.7012083,95742.43281,1.18E-07
2018-07-18 0:00,2.37321968,18.9165625,70.91770833,327.4340938,96061.99073,1.16E-09
2018-07-19 0:00,1.046715588,17.7721875,66.52708333,347.5125417,96570.09969,0.00E+00
2018-07-20 0:00,1.702642671,20.54239583,64.60729167,313.4298542,96772.79458,0.00E+00
2018-07-21 0:00,2.409774182,17.8165625,75.21875,193.0942813,96487.94188,7.18E-08
2018-07-22 0:00,3.020832961,20.47604167,92.60729167,179.59175,95955.72781,4.07E-07
2018-07-23 0:00,2.272988653,22.14322917,98.79166667,154.7188229,96582.49698,4.28E-07
2018-07-24 0:00,2.893321057,22.26458333,99.35208333,160.0141354,96758.32219,2.44E-07
2018-07-25 0:00,2.153664621,22.01958333,95.396875,149.5127813,96218.96906,6.13E-08
2018-07-26 0:00,1.300641183,22.34520833,80.39791667,254.8553333,95970.63563,0.00E+00
2018-07-27 0:00,1.27009003,21.65833333,85.1,172.5649271,96149.52813,8.10E-09
2018-07-28 0:00,1.730674293,21.3771875,78.18645833,281.8212604,96224.69552,0.00E+00
2018-07-29 0:00,1.749933408,19.17989583,74.07083333,302.4121563,96581.37823,0.00E+00
2018-07-30 0:00,1.065420573,18.71072917,81.315625,189.6976875,96738.3026,0.00E+00
2018-07-31 0:00,1.271020647,19.88645833,84.85729167,176.7911042,96650.71,0.00E+00
2018-08-01 0:00,1.526759774,21.89873684,92.69368421,153.3742813,96400.16158,5.53E-07
2018-08-02 0:00,1.009114955,21.90541667,93.74270833,165.6242083,96588.42479,1.39E-08
2018-08-03 0:00,1.44956622,22.41083333,93.83958333,175.2651354,96697.44938,2.26E-07
2018-08-04 0:00,1.54915997,22.585,84.82291667,263.8011667,96635.43375,4.40E-08
2018-08-05 0:00,1.165115885,23.37125,78.6375,299.3445104,96799.62656,0.00E+00
2018-08-06 0:00,1.264261905,24.3521875,81.33333333,252.3966354,96587.27625,0.00E+00
2018-08-07 0:00,1.231918713,24.01604167,82.18333333,220.2251771,96270.42646,5.79E-09
2018-08-08 0:00,1.007505022,23.321875,85.58020833,203.1619063,96021.55125,4.05E-08
2018-08-09 0:00,1.817551897,22.29541667,79.275,222.2854792,95880.02083,0.00E+00
2018-08-10 0:00,1.156374442,20.6553125,80.82395833,196.2497813,96083.44063,0.00E+00
2018-08-11 0:00,1.066588542,20.21885417,101.7677083,99.96226042,96185.30125,2.00E-07
2018-08-12 0:00,1.294760603,21.494375,87.37395833,235.2615313,96490.68917,0.00E+00
2018-08-13 0:00,1.710494792,19.93927083,102.334375,39.1976875,96361.01479,3.08E-07
2018-08-14 0:00,1.56575093,19.78677083,94.50833333,178.7949479,95925.77615,1.04E-07
2018-08-15 0:00,2.026105283,21.95302083,85.94375,271.1539583,96178.67385,1.50E-08
2018-08-16 0:00,1.340808408,23.461875,77.36145833,260.7727188,96625.85146,0.00E+00
2018-08-17 0:00,1.393021391,23.50916667,86.50520833,186.5488438,96460.79521,4.63E-08
2018-08-18 0:00,1.582741071,21.82197917,91.5375,159.1075833,95968.76479,1.28E-07
2018-08-19 0:00,1.786692708,18.90114583,85.946875,120.0943646,96353.55438,0.00E+00
2018-08-20 0:00,1.466968936,18.5278125,84.98020833,171.9489167,96799.89896,0
2018-08-21 0:00,2.22794122,18.79625,89.98229167,74.14134375,96447.96229,1.85E-08
2018-08-22 0:00,2.06009654,19.70416667,90.890625,209.2070729,95639.38865,1.37E-07
2018-08-23 0:00,2.371023624,17.14135417,77.7625,252.5259896,96359.39563,0
2018-08-24 0:00,0.936845052,18.40072917,75.38958333,238.9896354,97030.65344,0
2018-08-25 0:00,1.01875651,18.53489583,75.25729167,219.2389583,97180.765,0.00E+00
2018-08-26 0:00,1.465212798,20.50416667,78.43020833,189.3457396,96787.44146,0.00E+00
2018-08-27 0:00,1.268208705,23.41822917,85.69583333,216.1729583,96708.86063,0.00E+00
2018-08-28 0:00,1.444683036,25.71552083,79.94479167,269.1366667,96622.6051,0.00E+00
2018-08-29 0:00,1.70436756,25.99947917,74.090625,266.7408854,96462.845,0
2018-08-30 0:00,2.080050115,22.8255914,73.28064516,204.1876875,96658.16323,0.00E+00
2018-08-31 0:00,1.487327567,17.77083333,98.75416667,27.16551042,97187.34948,6.20E-07
2018-09-01 0:00,1.69013703,19.31947368,89.19368421,139.6156354,97327.15105,0.00E+00
2018-09-02 0:00,1.45227753,21.12635417,92.875,135.3952083,97179.71302,0.00E+00
2018-09-03 0:00,1.380714472,24.00447917,85.10729167,253.1151771,97238.07656,8.10E-09
2018-09-04 0:00,0.986360119,22.19510417,92.27395833,154.2602292,97287.37469,1.16E-09
2018-09-05 0:00,0.832274368,24.60833333,80.76458333,235.5269896,97161.63344,0.00E+00
2018-09-06 0:00,1.346673549,23.85145833,88.00416667,200.4566563,96947.43302,2.43E-08
2018-09-07 0:00,1.213423177,19.5134375,102.4864583,44.76344792,96935.1749,4.51E-08
2018-09-08 0:00,1.422570313,15.04,86.97395833,45.8299375,96879.35052,3.13E-08
2018-09-09 0:00,2.30202939,11.0728125,84.353125,39.00354167,97014.74375,1.10E-07
2018-09-10 0:00,3.158537574,11.35010417,102.5,19.857875,96789.31521,4.73E-07
2018-09-11 0:00,0.817383371,16.63864583,97.99479167,106.6178438,96752.20052,3.70E-08
2018-09-12 0:00,1.033236793,18.955625,102.5104167,46.48885417,97110.60823,9.61E-08
2018-09-13 0:00,1.003336682,20.28875,101.3979167,88.60905208,97193.03917,1.50E-08
2018-09-14 0:00,1.199672247,19.77604167,101.7385417,82.60819792,97100.45823,3.01E-08
2018-09-15 0:00,0.690394717,20.1703125,93.15625,141.2786667,97031.7651,0.00E+00
2018-09-16 0:00,0.847458891,20.45916667,84.27708333,238.4590625,97046.9149,1.16E-09
2018-09-17 0:00,1.351288318,19.04333333,97.584375,114.743875,96619.68042,6.48E-08
2018-09-18 0:00,1.792840402,21.20239583,90.48333333,139.9834583,95727.58615,2.48E-07
2018-09-19 0:00,1.897051339,19.39614583,83.97916667,178.0309688,96188.72063,0.00E+00
2018-09-20 0:00,1.141815476,15.15145833,101.6125,59.92061458,96905.9449,0.00E+00
2018-09-21 0:00,3.04900558,17.31895833,93.078125,53.98317708,96683.96406,0.00E+00
2018-09-22 0:00,2.462272321,15.14895833,80.59375,128.5063542,96716.735,2.20E-08
2018-09-23 0:00,0.862447359,11.65677083,94.16041667,94.16738542,97048.55938,0.00E+00
2018-09-24 0:00,2.580620908,12.489375,84.91145833,184.3820313,97574.54448,0.00E+00
2018-09-25 0:00,1.675264509,12.46020833,101.5989583,32.71692708,97134.01771,3.61E-07
2018-09-26 0:00,2.196330729,20.53854167,93.090625,117.3795,96231.9674,1.47E-07
2018-09-27 0:00,1.514050595,13.23020833,80.06354167,150.7008854,96640.37802,3.82E-08
2018-09-28 0:00,1.430825149,13.00395833,96.5875,104.2714688,96450.98542,1.96E-07
2018-09-29 0:00,1.277879278,12.83729167,88.97604167,157.6259063,96906.45594,2.31E-09
2018-09-30 0:00,0.657271577,11.51265625,88.12291667,103.20375,97266.58854,1.16E-09
2018-10-01 0:00,1.149435526,17.88263158,88.12526316,148.8827813,97089.77653,0.00E+00
2018-10-02 0:00,1.539345796,18.541875,98.096875,75.81852083,96597.91615,1.91E-07
2018-10-03 0:00,1.622365327,14.85447917,91.86979167,82.39227083,96466.05479,1.16E-09
2018-10-04 0:00,1.197257813,16.04166667,94.98125,107.8281042,96279.63167,8.22E-08
2018-10-05 0:00,1.554688988,13.57979167,83.32708333,164.0295833,96693.02198,0.00E+00
2018-10-06 0:00,1.006434635,16.2365625,99.92395833,44.84852083,96764.86927,0.00E+00
2018-10-07 0:00,0.875534412,19.94083333,96.184375,73.68444792,96912.51573,0.00E+00
2018-10-08 0:00,0.857744792,16.78125,102.5010417,25.36004167,97445.86802,0.00E+00
2018-10-09 0:00,0.730496838,19.51375,92.165625,84.91421875,97239.44854,0.00E+00
2018-10-10 0:00,0.65191276,20.61583333,87.03020833,97.82760417,96506.60052,0.00E+00
2018-10-11 0:00,0.686846354,19.670625,97.50833333,15.17080208,95357.68063,5.21E-07
2018-10-12 0:00,3.527186012,9.944760417,70.05625,125.9277396,95236.4976,1.16E-09
2018-10-13 0:00,1.594816406,6.255791667,84.821875,99.73277083,95777.56865,5.56E-08
2018-10-14 0:00,0.832743676,6.571458333,86.80416667,113.6952188,96773.37021,0.00E+00
2018-10-15 0:00,1.44328869,11.8226875,102.24375,20.58134375,96235.57823,3.47E-08
2018-10-16 0:00,2.256833891,6.232791667,63.775,153.1239167,96471.32521,0
2018-10-17 0:00,2.57609189,6.705979167,65.01458333,129.0909271,96078.5524,3.47E-09
2018-10-18 0:00,3.519776414,2.5930625,60.44479167,187.5998958,97049.54417,3.47E-09
2018-10-19 0:00,1.352418899,7.144447917,58.703125,169.9540313,96605.70646,0.00E+00
2018-10-20 0:00,1.859938058,9.2888125,84.528125,80.97346875,95180.21167,7.99E-08
2018-10-21 0:00,3.376932478,2.469677083,75.82604167,89.58373958,95934.53375,9.26E-09
2018-10-22 0:00,1.041412016,3.898760417,69.865625,60.70817708,96667.43521,0.00E+00
2018-10-23 0:00,1.39241183,7.7910625,68.83541667,132.2708021,96203.97156,1.62E-08
2018-10-24 0:00,3.473293527,4.066791667,74.93020833,61.38729167,96512.7249,1.16E-09
2018-10-25 0:00,2.739168713,2.327020833,69.08541667,90.74961458,96587.33458,0.00E+00
2018-10-26 0:00,1.145938244,2.839364583,71.73958333,95.81833333,96407.1925,1.16E-09
2018-10-27 0:00,3.330130208,3.54975,102.371875,22.8295625,95365.01552,3.09E-07
2018-10-28 0:00,0.991022879,4.911885417,94.353125,47.1579375,95282.42844,2.66E-08
2018-10-29 0:00,1.68665253,5.813145833,91.11458333,61.19019792,95481.7124,3.94E-08
2018-10-30 0:00,2.330615327,4.336114583,65.65729167,156.5156875,96346.12688,0.00E+00
2018-10-31 0:00,0.91162314,9.00675,75.934375,119.6416667,96136.23042,0.00E+00
2018-11-01 0:00,0.730691165,15.10610526,81.31052632,49.318625,95562.422,0
2018-11-02 0:00,1.099636905,14.7584375,96.36354167,27.0696875,95089.47302,3.10E-07
2018-11-03 0:00,2.648584263,7.387729167,82.903125,83.20840625,95612.2051,1.17E-07
2018-11-04 0:00,1.00887593,5.242208333,67.203125,147.2634583,97527.04344,0.00E+00
2018-11-05 0:00,2.272401228,5.403364583,93.81770833,12.70632292,97054.68698,9.95E-08
2018-11-06 0:00,0.927046317,8.704739583,102.4427083,19.29367708,95763.88146,1.26E-07
2018-11-07 0:00,2.393794829,9.864729167,54.66354167,110.2060833,95949.17604,1.16E-09
2018-11-08 0:00,1.62622433,3.896260417,66.87083333,132.7227292,96862.33219,0
2018-11-09 0:00,1.520026972,1.197770833,91.84375,16.70951042,96643.98344,2.12E-07
2018-11-10 0:00,3.016172619,1.181958333,73.015625,77.53989583,96010.06906,2.43E-08
2018-11-11 0:00,1.912079613,-0.43428125,66.60625,108.8048125,96728.93417,0.00E+00
2018-11-12 0:00,0.381811942,1.603083333,67.08958333,100.5519271,97031.33812,2.31E-09
2018-11-13 0:00,2.117606957,1.396770833,94.22916667,20.73309375,96209.32313,2.00E-07
2018-11-14 0:00,3.739173549,-2.5915,60.128125,76.71020833,97200.5926,1.16E-09
2018-11-15 0:00,2.307223586,-4.942208333,78.89166667,17.00533333,97103.59187,0.00E+00
2018-11-16 0:00,2.730309524,-1.2190625,97.821875,47.56711458,94891.31604,6.71E-08
2018-11-17 0:00,1.893539807,1.40278125,82.34375,36.64064583,95904.39625,2.31E-08
2018-11-18 0:00,0.869238653,0.376145833,70.22395833,40.49510417,96302.9151,0.00E+00
2018-11-19 0:00,0.62444215,0.979010417,101.009375,26.563625,95537.37781,5.32E-08
2018-11-20 0:00,1.552009115,0.779260417,92.3125,43.09427083,95116.31979,1.16E-08
2018-11-21 0:00,3.187834077,-1.595052083,67.61875,29.47380208,95394.4849,1.16E-09
2018-11-22 0:00,3.9916516,-10.27298958,61.33854167,115.7090625,97049.95917,0.00E+00
2018-11-23 0:00,0.71444308,-9.399510417,58.00104167,115.2213229,97282.71615,0.00E+00
2018-11-24 0:00,0.788298363,-1.474229167,88.89375,22.93175,95976.50302,2.45E-07
2018-11-25 0:00,0.904222098,3.24221875,95.90833333,76.69230208,95394.6074,3.59E-08
2018-11-26 0:00,1.195149554,2.63578125,102.5,14.04801042,94871.21167,2.26E-07
2018-11-27 0:00,2.723614583,0.176083333,89.69895833,28.18875,94029.62729,2.89E-08
2018-11-28 0:00,4.494249256,-1.148916667,79.17395833,28.72955208,94326.42563,1.16E-09
2018-11-29 0:00,3.695334263,0.274395833,73.05833333,29.98120833,95544.99042,0.00E+00
2018-11-30 0:00,0.730561756,-0.120677083,87.51145833,25.698,95897.03906,1.16E-08
2018-12-01 0:00,1.254406015,0.594663158,98.00842105,36.60311458,96279.77326,2.08E-08
2018-12-02 0:00,0.777981771,4.5080625,102.5041667,27.52058333,95076.07167,7.75E-08
2018-12-03 0:00,2.185884487,5.228927083,83.35729167,52.72388542,94725.51229,4.63E-09
2018-12-04 0:00,3.355355097,-2.29334375,68.52916667,80.60297917,95649.61063,1.16E-09
2018-12-05 0:00,0.63637686,-5.262895833,75.303125,66.95192708,96138.55146,0
2018-12-06 0:00,1.501294829,-2.97878125,73.01145833,69.73775,96371.9276,0
2018-12-07 0:00,2.787163132,-3.859822917,64.85520833,102.5159583,96954.60427,0.00E+00
2018-12-08 0:00,1.409397879,-5.608489583,68.82604167,41.125625,97368.61656,0.00E+00
2018-12-09 0:00,0.727473772,-5.400958333,68.34166667,67.91380208,97098.49135,0.00E+00
2018-12-10 0:00,1.842022507,-3.820072917,70.42708333,91.84308333,96401.66938,0.00E+00
2018-12-11 0:00,0.855878534,-5.196197917,78.72916667,83.3130625,96078.12115,0.00E+00
2018-12-12 0:00,1.902702939,-2.288052083,77.62395833,23.94332292,96176.05104,0.00E+00
2018-12-13 0:00,1.199298177,-3.035479167,87.50208333,16.53346875,97001.77135,0.00E+00
2018-12-14 0:00,0.511739955,1.188604167,102.5,11.50430208,97135.92031,1.97E-08
2018-12-15 0:00,0.330680804,3.191614583,102.5,24.21416667,96483.66885,1.74E-08
2018-12-16 0:00,2.404213728,0.54515625,100.684375,13.48286458,95834.84438,3.16E-07
2018-12-17 0:00,3.040237537,0.619104167,87.13854167,20.006375,95180.97031,4.40E-08
2018-12-18 0:00,4.319311198,-4.533833333,64.71145833,78.83880208,95960.44365,0.00E+00
2018-12-19 0:00,0.559800223,-3.49475,74.05,76.77204167,96207.66729,0.00E+00
2018-12-20 0:00,0.418364955,-0.908072917,94.090625,36.53159375,95956.24906,5.56E-08
2018-12-21 0:00,1.389855283,11.48511458,102.0197917,44.32432292,93658.92406,4.22E-07
2018-12-22 0:00,3.677064546,1.81634375,84.984375,17.79648958,93800.06323,6.94E-09
2018-12-23 0:00,1.92088151,-0.58378125,70.565625,50.99666667,95522.06594,0.00E+00
2018-12-24 0:00,1.523415365,-0.226125,83.21354167,29.97485417,95476.99375,1.16E-08
2018-12-25 0:00,1.94881901,-1.940802083,68.36458333,29.65530208,96168.62688,0.00E+00
2018-12-26 0:00,1.162949405,-0.968989583,72.67083333,47.46742708,97141.73698,0.00E+00
2018-12-27 0:00,1.144046503,0.435322917,69.171875,75.68110417,97517.49281,1.16E-09
2018-12-28 0:00,0.908920015,5.815520833,100.8229167,14.91810417,96034.89094,5.67E-08
2018-12-29 0:00,2.827801711,3.69790625,78.28020833,20.330125,95933.65583,1.16E-09
2018-12-30 0:00,0.836068266,-1.059552083,80.415625,37.09203125,96388.67583,5.79E-09
2018-12-31 0:00,0.678486421,0.085833333,98.15,22.82625,96443.40708,1.46E-07
