datetime,Flow_metersCubedPerSecond,Water_Temperature_celsius,Salinity_practicalSalinityUnits
2005-01-01,5.62,6.97,0
2005-01-02,2.33,6,0
2005-01-03,1.78,8.45,0
2005-01-04,4.64,7.28,0
2005-01-05,8.99,6.94,0
2005-01-06,15,8.19,0
2005-01-07,26.4,8.62,0
2005-01-08,17.1,6.09,0
2005-01-09,11,7.94,0
2005-01-10,4.57,7.89,0
2005-01-11,2.53,7.08,0
2005-01-12,4.3,4.85,0
2005-01-13,1.55,5.41,0
2005-01-14,8.7,7.76,0
2005-01-15,14.4,8.07,0
2005-01-16,6.8,7.56,0
2005-01-17,4.17,5.96,0
2005-01-18,3.3,4.6,0
2005-01-19,8.82,7.54,0
2005-01-20,15.5,8.61,0
2005-01-21,4.13,6.7,0
2005-01-22,6.76,5.99,0
2005-01-23,1.75,4.45,0
2005-01-24,1.02,5.42,0
2005-01-25,0.903,6.4,0
2005-01-26,1,7.67,0
2005-01-27,1.04,6.92,0
2005-01-28,1.09,7.04,0
2005-01-29,0.915,7.6,0
2005-01-30,0.998,7.55,0
2005-01-31,0.943,7.81,0
2005-02-01,0.796,7.9,0
2005-02-02,0.695,7.95,0
2005-02-03,1.57,7.93,0
2005-02-04,10.1,7.84,0
2005-02-05,2.45,5.9,0
2005-02-06,2.51,5.51,0
2005-02-07,2.03,4.86,0
2005-02-08,2.15,6.19,0
2005-02-09,3.16,7.67,0
2005-02-10,2.7,7.07,0
2005-02-11,8.88,7.48,0
2005-02-12,6.87,7.76,0
2005-02-13,1.81,5.79,0
2005-02-14,0.912,6.17,0
2005-02-15,0.833,6.94,0
2005-02-16,0.98,7.88,0
2005-02-17,1.08,7.78,0
2005-02-18,1.43,7.79,0
2005-02-19,0.826,7.01,0
2005-02-20,1.04,6.51,0
2005-02-21,2.61,6.45,0
2005-02-22,1.08,5.05,0
2005-02-23,0.737,3.25,0
2005-02-24,0.61,3.75,0
2005-02-25,0.554,4.73,0
2005-02-26,0.533,4.69,0
2005-02-27,0.501,5.71,0
2005-02-28,0.545,6.2,0
2005-03-01,2.78,5.56,0
2005-03-02,1.48,4.66,0
2005-03-03,0.818,4.78,0
2005-03-04,2.03,7.72,0
2005-03-05,1.27,6.84,0
2005-03-06,0.726,5.45,0
2005-03-07,0.62,4.98,0
2005-03-08,0.579,6.63,0
2005-03-09,0.553,7.21,0
2005-03-10,0.537,7.78,0
2005-03-11,0.701,7.33,0
2005-03-12,0.692,5.05,0
2005-03-13,0.567,4.41,0
2005-03-14,4.32,6.42,0
2005-03-15,5.98,11.6,0
2005-03-16,1.86,12.4,0
2005-03-17,3.3,12.2,0
2005-03-18,3.12,12.3,0
2005-03-19,1,13.2,0
2005-03-20,0.692,13.7,0
2005-03-21,0.848,11,0
2005-03-22,1.69,10.9,0
2005-03-23,1.37,12,0
2005-03-24,1.51,11,0
2005-03-25,1.18,13.5,0
2005-06-25,0.555,15.7,0
2005-06-26,0.481,16.3,0
2005-06-27,0.451,15.5,0
2005-06-28,0.431,17.7,0
2005-06-29,0.423,17.1,0
2005-06-30,0.439,16.4,0
2005-07-01,0.432,15.8,0
2005-07-02,0.49,15.5,0
2005-07-03,0.649,14.2,0
2005-07-04,0.514,14.6,0
2005-07-05,5.07,14.7,0
2005-07-06,1.65,13.3,0
2005-07-07,1.75,14.4,0
2005-07-08,2,15.5,0
2005-07-09,0.733,17.6,0
2005-07-10,0.532,20.1,0
2005-07-11,0.456,20.6,0
2005-07-12,0.422,19.9,0
2005-07-13,0.402,19.8,0
2005-07-14,0.385,17.3,0
2005-07-15,0.374,16,0
2005-07-16,0.358,18.6,0
2005-07-17,0.405,17.7,0
2005-07-18,0.487,16.5,0
2005-07-19,0.408,15,0
2005-07-20,0.611,15.3,0
2005-07-21,0.821,17.1,0
2005-07-22,0.601,17.6,0
2005-07-23,0.724,16.1,0
2005-07-24,0.525,18,0
2005-07-25,0.417,15.6,0
2005-07-26,0.376,14.9,0
2005-07-27,0.358,15,0
2005-07-28,0.341,15.4,0
2005-07-29,0.339,15.3,0
2005-07-30,0.337,14.8,0
2005-07-31,0.335,14.8,0
2005-08-01,0.32,16.7,0
2005-08-02,0.856,16.5,0
2005-08-03,0.426,15.4,0
2005-08-04,1.22,15.2,0
2005-08-05,0.68,15.8,0
2005-08-06,0.528,15.6,0
2005-08-07,0.461,16.7,0
2005-08-08,0.399,17.3,0
2005-08-09,0.372,17.8,0
2005-08-10,0.352,18.9,0
2005-08-11,0.353,16.8,0
2005-08-12,0.944,15.5,0
2005-08-13,1.2,15.5,0
2005-08-14,0.492,15.3,0
2005-08-15,0.454,16.4,0
2005-08-16,0.407,17.6,0
2005-08-17,11.7,15.9,0
2005-08-18,1.49,16,0
2005-08-19,0.751,15.2,0
2005-08-20,3.29,16.3,0
2005-08-21,7.99,17.3,0
2005-08-22,1.07,16.4,0
2005-08-23,12.4,15.3,0
2005-08-24,3.15,14.9,0
2005-08-25,1.64,14,0
2005-08-26,0.82,13.8,0
2005-08-27,0.61,14.5,0
2005-08-28,12.5,15.1,0
2005-08-29,1.84,15,0
2005-08-30,0.749,14.2,0
2005-08-31,0.648,15.1,0
2005-09-01,0.674,14.5,0
2005-09-02,0.709,15.2,0
2005-09-03,0.508,15.9,0
2005-09-04,0.448,16.9,0
2005-09-05,0.427,17.2,0
2005-09-06,0.484,16.1,0
2005-09-07,6.3,15.6,0
2005-09-08,1.43,14.9,0
2005-09-09,3.14,13.9,0
2005-09-10,1.41,14.2,0
2005-09-11,0.692,14.5,0
2005-09-12,1.07,14.4,0
2005-09-13,7.11,15.7,0
2005-09-14,1.81,15,0
2005-09-15,2.33,14,0
2005-09-16,0.887,12.4,0
2005-09-17,0.619,12.3,0
2005-09-18,0.522,13.3,0
2005-09-19,7.09,13.3,0
2005-09-20,0.918,15.4,0
2005-09-21,2.46,15.4,0
2005-09-22,3.53,17.4,0
2005-09-23,2.32,13.2,0
2005-09-24,6.74,11,0
2005-09-25,2.96,12.4,0
2005-09-26,10.4,13,0
2005-09-27,2.02,11.9,0
2005-09-28,7.25,11.3,0
2005-09-29,5.94,11.7,0
2005-09-30,5.22,13,0
2005-10-01,1.91,11.4,0
2005-10-02,0.88,11.9,0
2005-10-03,0.665,12,0
2005-10-04,0.636,12.2,0
2005-10-05,0.555,12.2,0
2005-10-06,0.51,14,0
2005-10-07,1.71,13.4,0
2005-10-08,1.41,10.2,0
2005-10-09,2.85,12.1,0
2005-10-10,7.53,11.4,0
2005-10-11,1.5,8.41,0
2005-10-12,0.789,7.87,0
2005-10-13,0.612,6.43,0
2005-10-14,0.536,9.69,0
2005-10-15,0.512,12.8,0
2005-10-16,0.492,12.8,0
2005-10-17,0.529,13,0
2005-10-18,0.983,12.5,0
2005-10-19,0.948,11.4,0
2005-10-20,1.39,11.1,0
2005-10-21,3.12,10.7,0
2005-10-22,1.54,10.7,0
2005-10-23,4.99,10.3,0
2005-10-24,5.39,11.8,0
2005-10-25,2.38,11,0
2005-10-26,4.57,11.8,0
2005-10-27,7.79,12.7,0
2005-10-28,2.11,11.6,0
2005-10-29,4.54,11.4,0
2005-10-30,1.83,11.3,0
2005-10-31,3.63,11.3,0
2005-11-01,1.5,9.63,0
2005-11-02,9.72,11.8,0
2005-11-03,10.9,12.6,0
2005-11-04,5.08,9.41,0
2005-11-05,7.2,10.6,0
2005-11-06,3.71,10.4,0
2005-11-07,7.22,9.14,0
2005-11-08,2.74,8.67,0
2005-11-09,13.1,8.33,0
2005-11-10,8.43,10.2,0
2005-11-11,5.9,11,0
2005-11-23,0.493,9.74,0
2005-11-24,0.596,7.72,0
2005-11-29,9.62,7.42,0
2005-11-30,3.61,7.83,0
2005-12-01,4.28,7.01,0
2005-12-02,6.58,6.56,0
2005-12-03,3.87,6.97,0
2005-12-04,4.16,6.74,0
2005-12-05,1.51,5.66,0
2005-12-06,2.58,6.15,0
2005-12-07,7.92,6.3,0
2005-12-08,3.31,6.09,0
2005-12-09,13.5,8.42,0
2005-12-10,3.09,9.34,0
2005-12-11,1.7,8.84,0
2005-12-12,1.15,6.31,0
2005-12-13,0.812,5.43,0
2005-12-14,1.01,8.12,0
2005-12-15,0.897,8.81,0
2005-12-16,4.53,9.08,0
2005-12-17,1.27,8.28,0
2005-12-18,5.52,7.97,0
2005-12-19,1.78,7.33,0
2005-12-20,3.51,8.4,0
2005-12-21,3.68,7.95,0
2005-12-22,3.2,8.7,0
2005-12-23,7.17,9,0
2005-12-24,2.32,8.55,0
2005-12-25,1.15,7.07,0
2005-12-26,0.825,5.33,0
2005-12-27,0.696,4.92,0
2005-12-28,0.618,3.58,0
2005-12-29,3.17,4.1,0
2005-12-30,8.51,7.23,0
2005-12-31,5.62,6.62,0
2006-01-01,4.08,6.61,0
2006-01-02,5.9,7.65,0
2006-01-03,2.94,7.66,0
2006-01-04,1.22,7.47,0
2006-01-05,4.6,7.14,0
2006-01-10,8.21,9.13,0
2006-01-11,4.83,6.41,0
2006-01-12,2.61,8.58,0
2006-01-13,6.73,8.42,0
2006-01-14,1.97,5.82,0
2006-01-18,3.15,9.12,0
2006-01-19,9.41,9.3,0
2006-01-20,8.01,6.05,0
2006-01-21,1.4,6.85,0
2006-01-22,0.915,7.93,0
2006-01-23,0.755,7.31,0
2006-01-24,0.661,7.35,0
2006-01-25,0.604,6.5,0
2006-01-26,0.559,5.57,0
2006-01-28,0.511,5.49,0
2006-01-29,0.498,4.53,0
2006-01-30,0.485,3.38,0
2006-01-31,0.481,3.39,0
2006-02-01,0.466,5.28,0
2006-02-02,0.47,7.27,0
2006-02-03,0.465,7.16,0
2006-02-04,0.46,6.99,0
2006-02-05,0.452,6.71,0
2006-02-06,0.437,7.51,0
2006-02-07,1.01,7.9,0
2006-02-08,1.09,6.45,0
2006-02-09,0.749,5.57,0
2006-02-10,0.563,4.89,0
2006-02-11,1.31,6.75,0
2006-02-12,10.9,8.7,0
2006-02-13,8.58,8.64,0
2006-02-14,5.79,8.11,0
2006-02-15,4.81,7.22,0
2006-02-16,6.34,6.43,0
2006-02-17,2.59,5.03,0
2006-02-18,1.78,5.37,0
2006-02-19,1.08,4.9,0
2006-02-20,0.758,4.41,0
2006-02-21,0.687,4.66,0
2006-02-22,0.613,4.55,0
2006-02-23,0.547,5.17,0
2006-02-24,0.533,5.87,0
2006-02-25,0.497,5.16,0
2006-02-26,0.467,5.1,0
2006-02-27,0.473,5.54,0
2006-02-28,0.6,5.33,0
2006-03-01,0.822,3.94,0
2006-03-02,0.839,3.8,0
2006-03-03,0.762,3.11,0
2006-03-04,0.873,3.34,0
2006-03-05,1.45,4.44,0
2006-03-06,1.3,4.82,0
2006-03-07,4.18,6.69,0
2006-03-08,5.58,8.38,0
2006-03-09,4.78,6.25,0
2006-03-10,2.05,5.8,0
2006-03-11,4.25,5.54,0
2006-03-12,3.58,7.95,0
2006-03-13,5.39,8.43,0
2006-03-14,2.9,8.15,0
2006-03-15,1.03,7.92,0
2006-03-16,0.737,6.08,0
2006-03-17,0.607,5.23,0
2006-03-18,0.543,6.08,0
2006-03-19,0.509,5.93,0
2006-03-20,0.485,6.61,0
2006-03-21,0.463,5.85,0
2006-03-22,0.443,5.45,0
2006-03-23,0.437,5.42,0
2006-03-24,0.442,6.02,0
2006-03-25,0.464,8.55,0
2006-03-26,6.82,9.7,0
2006-03-27,6.14,9.36,0
2006-03-28,2.39,7.96,0
2006-03-30,3.21,8.45,0
2006-03-31,2.06,7.76,0
2006-04-01,1.69,7.63,0
2006-04-02,5.56,7.9,0
2006-04-03,1.06,6.97,0
2006-04-04,0.698,6.39,0
2006-04-05,0.589,5.09,0
2006-04-06,1.48,7.86,0
2006-04-07,1.84,7.06,0
2006-04-08,1.67,5.75,0
2006-04-09,1.05,6.23,0
2006-04-10,0.73,7.47,0
2006-04-11,8.79,9.04,0
2006-04-12,1.25,10.2,0
2006-04-13,0.967,10.2,0
2006-04-14,0.829,9.25,0
2006-04-15,0.67,9.54,0
2006-04-16,0.642,9.86,0
2006-04-17,1.27,9.4,0
2006-04-18,3.4,8.99,0
2006-04-19,1.14,9.6,0
2006-04-20,0.847,10.3,0
2006-04-21,0.646,11.2,0
2006-04-22,2.82,10.1,0
2006-04-23,1.42,10.3,0
2006-04-24,2.3,9.28,0
2006-04-25,3.17,10.1,0
2006-04-26,0.865,10.3,0
2006-04-27,0.673,11,0
2006-04-28,0.566,12,0
2006-04-29,0.517,12.5,0
2006-04-30,2.78,10.9,0
2006-05-01,1.4,10.1,0
2006-05-02,5.21,8.88,0
2006-05-03,2.12,9.93,0
2006-05-04,0.828,11.1,0
2006-05-05,0.703,11,0
2006-05-06,1.06,11.1,0
2006-05-07,0.797,10.9,0
2006-05-08,0.635,10.7,0
2006-05-09,0.686,11.5,0
2006-05-10,0.58,11.9,0
2006-05-11,0.722,12.8,0
2006-05-12,0.605,13.6,0
2006-05-13,0.504,13.8,0
2006-05-14,1.31,12.8,0
2006-05-15,1.95,12.7,0
2006-05-16,5.08,12.6,0
2006-05-17,6.38,12.6,0
2006-05-18,8.33,11.9,0
2006-05-19,3.61,12.6,0
2006-05-20,4.01,10.9,0
2006-05-21,1.76,6.79,0
2006-05-22,1.8,8.83,0
2006-05-23,1.62,9.83,0
2006-05-24,1.64,10.4,0
2006-05-25,0.741,11.2,0
2006-05-26,2.55,12.9,0
2006-05-27,1.08,13.2,0
2006-05-28,0.729,12.2,0
2006-05-29,0.617,12.1,0
2006-05-30,0.526,12.9,0
2006-05-31,0.486,13.3,0
2006-06-01,0.463,15.4,0
2006-06-02,0.451,16.3,0
2006-06-03,0.436,16.4,0
2006-06-04,0.436,17.8,0
2006-06-05,0.432,17.4,0
2006-06-06,0.419,18.2,0
2006-06-07,0.411,17.9,0
2006-06-08,0.403,19.3,0
2006-06-09,0.383,18.5,0
2006-06-10,0.376,18,0
2006-06-11,0.366,16.6,0
2006-06-12,0.376,14.9,0
2006-06-13,0.37,15.8,0
2006-06-14,0.359,14.8,0
2006-06-15,0.353,15.2,0
2006-06-16,0.358,14.8,0
2006-06-17,0.373,14.8,0
2006-06-18,1.91,14.7,0
2006-06-19,1.44,14.6,0
2006-06-20,3.66,13.2,0
2006-06-21,1.33,12.3,0
2006-06-22,0.95,12.2,0
2006-06-23,0.637,15.1,0
2006-06-24,0.511,15.9,0
2006-06-25,0.451,15.8,0
2006-06-26,0.418,16.8,0
2006-06-27,0.4,16.1,0
2006-06-28,0.392,15.2,0
2006-06-29,0.817,15.6,0
2006-06-30,0.665,16.4,0
2006-07-01,0.483,15.7,0
2006-07-02,0.471,16.2,0
2006-07-03,0.412,17,0
2006-07-04,0.383,16.4,0
2006-07-05,0.361,17.4,0
2006-07-06,0.481,16.8,0
2006-07-07,0.594,15.7,0
2006-07-08,7.2,14.1,0
2006-07-09,5.26,15.4,0
2006-07-10,1.05,15.3,0
2006-07-11,0.67,14.6,0
2006-07-12,0.673,16,0
2006-07-13,0.544,16,0
2006-07-14,0.446,16.6,0
2006-07-15,0.401,16.9,0
2006-07-16,0.376,17.5,0
2006-07-17,0.385,17.6,0
2006-07-18,0.363,18.7,0
2006-07-19,0.338,18.8,0
2006-07-20,0.337,18.4,0
2006-07-21,0.337,17.7,0
2006-07-22,0.387,17,0
2006-07-23,0.455,17.1,0
2006-07-24,0.898,17.5,0
2006-07-25,0.771,20.2,0
2006-07-26,0.535,19.8,0
2006-07-27,0.782,17.7,0
2006-07-28,1.57,18.3,0
2006-07-29,2.61,16.9,0
2006-07-30,2.39,15.7,0
2006-07-31,6.92,15.5,0
2006-08-01,1.16,15.6,0
2006-08-02,0.687,15.6,0
2006-08-03,0.527,15.8,0
2006-08-04,0.494,16.6,0
2006-08-05,0.631,18.1,0
2006-08-06,2.63,17.4,0
2006-08-07,0.76,16.3,0
2006-08-08,1.53,14.9,0
2006-08-09,1.16,14.9,0
2006-08-10,0.633,16,0
2006-08-11,0.506,15,0
2006-08-12,0.453,14.5,0
2006-08-13,0.419,14.3,0
2006-08-14,0.4,15.5,0
2006-08-15,0.491,14.8,0
2006-08-16,0.539,15.1,0
2006-08-17,0.528,15.1,0
2006-08-18,0.564,15.1,0
2006-08-19,0.484,15.3,0
2006-08-20,0.614,15.9,0
2006-08-21,0.637,15.8,0
2006-08-22,0.921,15.7,0
2006-08-23,0.909,15.3,0
2006-08-24,0.568,16.4,0
2006-08-25,2.1,15.1,0
2006-08-26,5.14,14.4,0
2006-08-27,0.94,14.4,0
2006-08-28,0.635,14,0
2006-08-29,0.58,14.1,0
2006-08-30,1.83,13.5,0
2006-08-31,2.66,15.3,0
2006-09-01,2.61,14.9,0
2006-09-02,2.48,14.6,0
2006-09-03,2.04,15.7,0
2006-09-04,1.47,15.1,0
2006-09-05,10.3,16.3,0
2006-09-06,7.73,16.1,0
2006-09-07,4.06,14.5,0
2006-09-08,2.4,14.3,0
2006-09-09,1.56,14.1,0
2006-09-10,1.13,15.9,0
2006-09-11,0.857,16.4,0
2006-09-12,0.712,16.6,0
2006-09-13,0.686,15.1,0
2006-09-14,0.545,14,0
2006-09-15,0.489,13,0
2006-09-16,0.474,14.4,0
2006-09-17,0.479,14.9,0
2006-09-18,1.62,13.7,0
2006-09-19,1.41,13.1,0
2006-09-20,10.7,13.6,0
2006-09-21,8.23,13.2,0
2006-09-22,8.45,12.6,0
2006-09-23,1.44,13.6,0
2006-09-24,4.72,14.2,0
2006-09-25,1.57,13.7,0
2006-09-26,4.8,13.7,0
2006-09-27,5.61,14.3,0
2006-09-28,2.31,13,0
2006-09-29,1.81,13.4,0
2006-09-30,1.17,13.1,0
2006-10-01,1.16,13.3,0
2006-10-02,1.04,13.4,0
2006-10-03,0.913,12.2,0
2006-10-04,1.03,12.4,0
2006-10-05,13.6,12.3,0
2006-10-06,8.31,12.8,0
2006-10-07,1.49,11.7,0
2006-10-08,0.947,12.2,0
2006-10-09,1.71,12.2,0
2006-10-10,0.771,11.1,0
2006-10-11,3.11,12.3,0
2006-10-12,2.53,11.6,0
2006-10-13,0.803,12,0
2006-10-14,0.62,12.2,0
2006-10-15,0.545,12.7,0
2006-10-16,0.517,12.1,0
2006-10-17,2.15,12,0
2006-10-18,1.45,12.4,0
2006-10-19,0.764,12.7,0
2006-10-20,0.631,12.9,0
2006-10-21,0.796,12.7,0
2006-10-22,3.78,11.6,0
2006-10-23,2.88,11.5,0
2006-10-24,0.887,11,0
2006-10-25,2.2,11.2,0
2006-10-26,4.05,10.1,0
2006-10-27,10.7,10.2,0
2006-10-28,11.2,11.9,0
2006-10-29,3.33,11.5,0
2006-10-30,11,11.8,0
2006-10-31,2.22,11.3,0
2006-11-01,0.894,10.1,0
2006-11-02,0.671,9.47,0
2006-11-03,0.58,8.26,0
2006-11-04,0.531,8.72,0
2006-11-05,0.5,10.1,0
2006-11-06,0.471,9.82,0
2006-11-07,5.11,10.2,0
2006-11-08,1.79,10.7,0
2006-11-09,0.815,9.4,0
2006-11-10,2.51,8.74,0
2006-11-11,1.24,9.32,0
2006-11-12,3.85,9.63,0
2006-11-13,2.76,10.4,0
2006-11-14,2.08,9.07,0
2006-11-15,2.32,7.94,0
2006-11-16,9.37,8.01,0
2006-11-17,4.72,7.76,0
2006-11-18,6.22,4.92,0
2006-11-19,12.6,6.87,0
2006-11-20,3.89,8.01,0
2006-11-21,2.68,6.72,0
2006-11-22,1.91,6.9,0
2006-11-23,9.36,8.01,0
2006-11-24,2.86,7.01,0
2006-11-25,3.29,6.84,0
2006-11-26,1.56,7.19,0
2006-11-27,2.56,8.27,0
2006-11-28,1.88,7.64,0
2006-11-29,1.13,8.09,0
2006-11-30,4.73,9.51,0
2006-12-01,3.58,8.55,0
2006-12-02,8.67,7.31,0
2006-12-03,14.9,7.9,0
2006-12-04,7.4,7.26,0
2006-12-05,6.12,7.96,0
2006-12-06,7.66,7.5,0
2006-12-07,6.98,7.3,0
2006-12-08,4.16,6.99,0
2006-12-09,2.97,6.05,0
2006-12-10,28.3,7.28,0
2006-12-11,8.26,8.6,0
2006-12-12,8.29,6.79,0
2006-12-13,33.4,7.96,0
2006-12-14,28,9.65,0
2006-12-15,9.18,7.71,0
2006-12-16,3.08,6.81,0
2006-12-17,2.37,6.74,0
2006-12-18,2.09,6.74,0
2006-12-19,1.04,6.27,0
2006-12-20,0.825,5.49,0
2006-12-21,0.75,5.59,0
2006-12-22,1.05,7.9,0
2006-12-23,0.74,6.85,0
2006-12-24,0.628,5.95,0
2006-12-25,0.571,5.84,0
2006-12-26,0.536,6.6,0
2006-12-27,0.522,7.25,0
2006-12-28,0.99,8.09,0
2006-12-29,8.28,8.67,0
2006-12-30,6.14,6.93,0
2006-12-31,4.14,6.8,0
2007-01-01,4.55,5.73,0
2007-01-02,3.18,6.48,0
2007-01-03,8.83,8.74,0
2007-01-04,2.54,7.85,0
2007-01-05,5.73,7.81,0
2007-01-06,3.02,7.47,0
2007-01-07,8.31,7.32,0
2007-01-08,14.1,7.67,0
2007-01-09,9.39,7.98,0
2007-01-10,5.88,6.47,0
2007-01-11,8.18,7.4,0
2007-01-12,5.44,8.49,0
2007-01-13,6.62,7.93,0
2007-01-14,4.99,7.37,0
2007-01-15,3.43,7.91,0
2007-01-16,2.35,5.61,0
2007-01-17,3.27,4.89,0
2007-01-18,8.07,6.23,0
2007-01-19,4.4,7.13,0
2007-01-20,3.87,5.73,0
2007-01-21,3.51,5.1,0
2007-01-22,2.71,4.63,0
2007-01-23,1.66,4.7,0
2007-01-24,1.63,5.64,0
2007-01-25,0.929,4.87,0
2007-01-26,0.887,6,0
2007-01-27,0.78,6.57,0
2007-01-28,0.826,7.2,0
2007-01-29,0.82,7.26,0
2007-01-30,0.775,7.26,0
2007-01-31,0.812,8.86,0
2007-02-01,0.835,8.98,0
2007-02-02,0.831,7.16,0
2007-02-03,0.672,4.79,0
2007-02-04,0.604,4.33,0
2007-02-05,0.576,5.3,0
2007-02-06,0.544,4.08,0
2007-02-07,0.521,2.36,0
2007-02-08,3.64,3.14,0
2007-02-09,3.05,4.52,0
2007-02-10,1.21,4.8,0
2007-02-11,4.15,5.74,0
2007-02-12,2.74,6.25,0
2007-02-13,2.68,5.54,0
2007-02-14,1.29,5.18,0
2007-02-15,2.2,6.97,0
2007-02-16,1.91,6.88,0
2007-02-17,0.969,6.32,0
2007-02-18,0.993,4.81,0
2007-02-19,4.05,7.05,0
2007-02-20,1.69,7.4,0
2007-02-21,3.44,6.71,0
2007-02-22,2.21,7.67,0
2007-02-23,3.13,7.81,0
2007-02-24,2.44,7.89,0
2007-02-25,1.6,7.93,0
2007-02-26,1.84,7.79,0
2007-02-27,10.7,8.92,0
2007-02-28,3.78,7.25,0
2007-03-01,2.39,6.39,0
2007-03-02,3.08,6.6,0
2007-03-03,2.02,6.73,0
2007-03-04,2.56,6.55,0
2007-03-05,7.29,6.14,0
2007-03-06,3.46,6.71,0
2007-03-07,3.15,6.41,0
2007-03-08,2.48,6.63,0
2007-03-09,1.72,6.88,0
2007-03-10,1.26,8.66,0
2007-03-11,2.86,8.33,0
2007-03-12,1.45,7.52,0
2007-03-13,1.93,7.91,0
2007-03-14,0.944,8.75,0
2007-03-15,5.52,8.64,0
2007-03-16,1.61,7.75,0
2007-03-17,4.13,8.73,0
2007-03-18,3.06,5.55,0
2007-03-19,2.24,4.72,0
2007-03-20,1.45,5.63,0
2007-03-21,1.09,6.31,0
2007-03-22,1.24,8.65,0
2007-03-23,0.792,7.76,0
2007-03-24,0.699,9.02,0
2007-03-25,0.615,9.06,0
2007-03-26,0.565,8.66,0
2007-03-27,0.526,9.18,0
2007-03-28,0.507,8.71,0
2007-03-29,0.523,7.83,0
2007-03-30,0.493,9.14,0
2007-03-31,0.477,9.49,0
2007-04-01,0.46,9.74,0
2007-04-02,0.452,9.64,0
2007-04-03,0.441,8.1,0
2007-04-13,0.399,13,0
2007-04-14,0.386,12.9,0
2007-04-15,0.385,12.5,0
2007-04-16,0.38,11.9,0
2007-04-17,0.37,10.6,0
2007-04-18,0.365,11.4,0
2007-04-19,0.361,12.4,0
2007-04-20,0.361,11.4,0
2007-04-21,2.8,11.9,0
2007-04-22,5.16,11.6,0
2007-04-23,7.33,11.9,0
2007-04-24,1.76,13.2,0
2007-04-25,10.6,11.6,0
2007-04-26,1.27,12.8,0
2007-04-27,0.752,10.6,0
2007-04-28,0.676,13.1,0
2007-04-29,0.635,13.1,0
2007-04-30,0.598,14.1,0
2007-05-01,0.568,14.2,0
2007-05-02,0.548,15.1,0
2007-05-03,0.539,15.1,0
2007-05-04,0.546,15.1,0
2007-05-05,0.737,12.7,0
2007-05-06,1.58,12,0
2007-05-07,2.4,11.9,0
2007-05-08,2.55,11.5,0
2007-05-09,4.54,10.7,0
2007-05-19,1.48,11.7,0
2007-05-20,1.39,11.5,0
2007-05-21,1.26,12.1,0
2007-05-22,1.01,13.2,0
2007-05-23,0.936,14,0
2007-05-24,0.936,13.6,0
2007-05-25,0.936,12.3,0
2007-05-26,0.936,11.5,0
2007-05-27,0.936,11.4,0
2007-05-28,0.936,10.3,0
2007-05-29,0.936,11.6,0
2007-05-30,0.936,12.1,0
2007-05-31,0.936,15.7,0
2007-06-01,0.936,15.3,0
2007-06-02,0.936,15,0
2007-06-03,0.936,15.9,0
2007-06-04,0.936,15.5,0
2007-06-05,0.936,20.3,0
2007-06-06,0.936,21.7,0
2007-06-07,0.936,21.7,0
2007-06-08,0.936,21.4,0
2007-06-09,0.936,21.9,0
2007-06-10,0.936,22.5,0
2007-06-11,0.936,21.2,0
2007-06-12,0.936,18,0
2007-06-13,0.936,16.1,0
2007-06-14,0.936,14.4,0
2007-06-15,0.936,13,0
2007-06-16,0.936,13.6,0
2007-06-17,0.936,13.3,0
2007-06-18,0.936,13.6,0
2007-06-19,2.04,14.2,0
2007-06-20,3.51,14.9,0
2007-06-21,0.872,14.9,0
2007-06-22,4.33,14.5,0
2007-06-23,1.51,13.2,0
2007-06-24,0.812,14,0
2007-06-25,0.636,13.8,0
2007-06-26,0.723,13.3,0
2007-06-27,2.59,14.3,0
2007-06-28,1.19,13,0
2007-06-29,2.48,14.1,0
2007-06-30,5.73,15.4,0
2007-07-01,2.24,15.2,0
2007-07-02,7.81,15.1,0
2007-07-03,6.91,13.7,0
2007-07-04,4.59,13.7,0
2007-07-05,3.62,13.8,0
2007-07-06,1.36,13.8,0
2007-07-07,0.889,14.7,0
2007-07-08,12.7,15.5,0
2007-07-09,3.08,13.6,0
2007-07-10,1.01,14.7,0
2007-07-11,1.14,15,0
2007-07-12,0.782,15.6,0
2007-07-13,0.719,14.8,0
2007-07-14,3.14,15.6,0
2007-07-15,11.1,15.7,0
2007-07-16,2.69,14.5,0
2007-07-17,5.78,14.7,0
2007-07-18,1.06,15.3,0
2007-07-19,0.835,14.9,0
2007-07-20,1.49,15.6,0
2007-07-21,0.914,15.6,0
2007-07-22,0.593,15.4,0
2007-07-23,0.689,15.3,0
2007-07-24,2.05,15.3,0
2007-07-25,2.8,15.1,0
2007-07-26,0.895,14.6,0
2007-07-27,0.626,15.5,0
2007-07-28,0.542,14.5,0
2007-07-29,0.479,14.2,0
2007-07-30,0.442,13.5,0
2007-07-31,1.92,16.2,0
2007-08-01,0.645,16.1,0
2007-08-02,3.23,16.5,0
2007-08-03,2.91,16.5,0
2007-08-04,1.53,14.9,0
2007-08-05,1.93,15.5,0
2007-08-06,0.991,15,0
2007-08-07,0.591,15.3,0
2007-08-08,1.06,15.6,0
2007-08-09,1.27,15.6,0
2007-08-10,7.11,15.3,0
2007-08-11,2.9,14.8,0
2007-08-12,1.71,14.6,0
2007-08-13,1.12,15.1,0
2007-08-14,1.09,13.6,0
2007-08-15,0.856,13.9,0
2007-08-16,3.05,13.8,0
2007-08-17,5.71,14,0
2007-08-18,1.19,14.4,0
2007-08-19,4.02,14.3,0
2007-08-20,1.99,14.6,0
2007-08-21,1.29,14.3,0
2007-08-22,0.983,16.2,0
2007-08-23,0.793,17.1,0
2007-08-24,0.683,19.7,0
2007-08-25,0.597,15.9,0
2007-08-26,0.544,15.5,0
2007-08-27,0.481,16.4,0
2007-08-28,0.445,15.4,0
2007-08-29,0.414,15.6,0
2007-08-30,0.395,15.7,0
2007-08-31,0.408,15.2,0
2007-09-01,0.415,15.3,0
2007-09-02,0.688,15.2,0
2007-09-03,0.54,15.1,0
2007-09-04,0.529,15.4,0
2007-09-05,0.541,15.7,0
2007-09-06,0.474,15.7,0
2007-09-07,0.44,15.9,0
2007-09-08,0.405,15.8,0
2007-09-09,0.385,15,0
2007-09-10,0.359,15.4,0
2007-09-11,0.355,15.2,0
2007-09-12,0.35,15.2,0
2007-09-13,0.366,15.1,0
2007-09-14,0.445,14.2,0
2007-09-15,0.457,14,0
2007-09-16,17.4,14.6,0
2007-09-17,4.79,12.7,0
2007-09-18,2.91,11.8,0
2007-09-19,3.54,13.3,0
2007-09-20,2.17,13.2,0
2007-09-21,1.6,13.4,0
2007-09-22,1.3,13.2,0
2007-09-23,1.04,13.5,0
2007-09-24,2.27,11.9,0
2007-09-25,1.78,12.2,0
2007-09-26,1.27,11.5,0
2007-09-27,0.97,10.7,0
2007-09-28,0.776,10.3,0
2007-09-29,0.644,11.9,0
2007-09-30,0.569,12.6,0
2007-10-01,0.521,12.1,0
2007-10-02,0.501,13.2,0
2007-10-03,3.87,12.9,0
2007-10-04,1.09,12.1,0
2007-10-05,0.714,12.7,0
2007-10-06,0.624,13.5,0
2007-10-07,0.575,13.2,0
2007-10-08,4.23,12.4,0
2007-10-09,2.77,13.1,0
2007-10-10,1.11,13.4,0
2007-10-11,2.98,14.6,0
2007-10-12,1.41,13.7,0
2007-10-13,1.07,13.2,0
2007-10-14,1.88,13.5,0
2007-10-15,4.36,12.3,0
2007-10-16,1.32,11.6,0
2007-10-17,1.17,11.1,0
2007-10-18,0.951,10.9,0
2007-10-19,0.858,11.6,0
2007-10-20,0.799,11.4,0
2007-10-21,0.75,11.2,0
2007-10-22,7.12,11.9,0
2007-10-23,1.53,11.1,0
2007-10-24,1.03,10.3,0
2007-10-25,0.886,9.49,0
2007-10-26,3.36,11.3,0
2007-10-27,12,12,0
2007-10-28,8.52,11.3,0
2007-10-29,2.81,10.4,0
2007-10-30,1.77,11.4,0
2007-10-31,1.21,12.1,0
2007-11-01,1.79,12.9,0
2007-11-02,1.11,12.8,0
2007-11-03,1.07,12.4,0
2007-11-04,0.832,11.1,0
2007-11-05,1.43,11.3,0
2007-11-06,0.761,10.6,0
2007-11-07,0.639,11.3,0
2007-11-08,1.79,10.4,0
2007-11-09,0.796,8.83,0
2007-11-10,0.58,10.1,0
2007-11-11,0.554,10.4,0
2007-11-12,0.735,8.36,0
2007-11-13,0.916,9.33,0
2007-11-14,1.82,10.5,0
2007-11-15,1.1,10.5,0
2007-11-16,0.979,10.3,0
2007-11-17,5.75,10.1,0
2007-11-18,6.96,8.65,0
2007-11-19,2.98,8.23,0
2007-11-20,1.24,8.19,0
2007-11-21,0.896,7.7,0
2007-11-22,1.69,7.66,0
2007-11-23,1.03,7.14,0
2007-11-24,3.31,8.73,0
2007-11-25,1.48,9.3,0
2007-11-26,2.56,9.99,0
2007-11-27,3.67,10.1,0
2007-11-28,9.88,9.46,0
2007-11-29,4.27,8.55,0
2007-11-30,6.75,9.38,0
2007-12-01,5.22,7.32,0
2007-12-02,7.03,8.02,0
2007-12-03,3.35,7.68,0
2007-12-04,5.23,10.1,0
2007-12-05,3.87,9.62,0
2007-12-06,9.18,9.71,0
2007-12-07,8.9,8.16,0
2007-12-08,16.5,8.03,0
2007-12-09,11.4,7.79,0
2007-12-10,3.32,6.83,0
2007-12-11,1.35,7.9,0
2007-12-12,2.55,9.67,0
2007-12-13,1.5,9.62,0
2007-12-14,1.18,8.74,0
2007-12-15,0.904,7.94,0
2007-12-16,0.792,6.96,0
2007-12-17,0.725,6.01,0
2007-12-18,0.683,5.29,0
2007-12-19,0.65,5.22,0
2007-12-20,0.632,5.26,0
2007-12-21,0.614,4.95,0
2007-12-22,2.38,5.87,0
2007-12-23,1.63,8.29,0
2007-12-24,5.3,6.83,0
2007-12-25,2.65,5.91,0
2007-12-26,4.15,8.23,0
2007-12-27,6.76,10.2,0
2007-12-28,8.09,8.99,0
2007-12-29,2.59,7.78,0
2007-12-30,1.3,8.29,0
2007-12-31,6.01,8.82,0
2008-01-01,4.99,8.46,0
2008-01-02,1.45,7.21,0
2008-01-03,0.929,4.65,0
2008-01-04,1.8,3.23,0
2008-01-05,2.85,4.95,0
2008-01-06,2.17,4.81,0
2008-01-07,4.98,4.95,0
2008-01-08,5.36,4.96,0
2008-01-09,2.62,5.05,0
2008-01-10,3.73,5.85,0
2008-01-11,2.07,4.8,0
2008-01-12,7.52,5.62,0
2008-01-13,4.16,7.12,0
2008-01-14,4.93,7.09,0
2008-01-15,2.56,6.16,0
2008-01-16,1.86,5.84,0
2008-01-17,7.75,7,0
2008-01-18,9.88,9.25,0
2008-01-19,2.07,7.32,0
2008-01-20,2.31,7.41,0
2008-01-21,15.3,7.76,0
2008-01-22,8.19,8.11,0
2008-01-23,8.13,10.1,0
2008-01-24,3.45,6.43,0
2008-01-25,1.96,8.27,0
2008-01-26,1.43,8.98,0
2008-01-27,1.07,9.27,0
2008-01-28,1.07,9.52,0
2008-02-01,3.29,4.23,0
2008-02-02,6.41,4.97,0
2008-02-03,13.9,6.02,0
2008-02-04,6.38,5.47,0
2008-02-05,5.5,6.04,0
2008-02-06,3.11,5.8,0
2008-02-07,6.28,8.5,0
2008-02-12,1.08,6.87,0
2008-02-13,0.947,5.77,0
2008-02-14,0.845,6.7,0
2008-02-15,0.779,4.88,0
2008-02-16,0.746,5.64,0
2008-02-17,0.693,2.96,0
2008-02-18,0.681,2.83,0
2008-02-19,0.662,4.84,0
2008-02-20,0.787,6.33,0
2008-02-21,1.86,9,0
2008-02-22,2.77,8.5,0
2008-02-23,6.93,9.24,0
2008-02-24,6.6,7.71,0
2008-02-25,3.7,7.6,0
2008-02-26,3.06,7.7,0
2008-02-27,2.01,7.39,0
2008-02-28,1.63,7.71,0
2008-02-29,7.52,8.79,0
2008-03-01,3.7,8.76,0
2008-03-02,2.73,7.79,0
2008-03-03,3.48,4.77,0
2008-03-04,3.43,6.37,0
2008-03-05,2.16,7.69,0
2008-03-06,2.4,9,0
2008-03-07,3.11,6.85,0
2008-03-08,6.52,8.23,0
2008-03-09,4.16,6.51,0
2008-03-10,5.92,6.02,0
2008-03-11,3.51,6.31,0
2008-03-12,5.89,5.28,0
2008-03-13,8.03,6.07,0
2008-03-14,3.93,5.57,0
2008-03-15,5.7,7.04,0
2008-03-16,4.12,7.11,0
2008-03-17,1.92,7.07,0
2008-03-18,1.57,6.27,0
2008-03-19,1.01,6.64,0
2008-03-20,1.1,8.05,0
2008-03-21,2.18,7.14,0
2008-03-22,1.13,6.2,0
2008-03-23,1.05,6.98,0
2008-03-24,1.79,7.78,0
2008-03-25,1.89,8,0
2008-03-26,1.89,7.67,0
2008-03-27,1.21,6.79,0
2008-03-28,12.5,7,0
2008-03-29,3.89,7.1,0
2008-03-30,1.74,8.09,0
2008-03-31,0.995,7.36,0
2008-04-01,0.976,8.6,0
2008-04-02,0.871,9.66,0
2008-04-03,0.751,10.8,0
2008-04-04,0.694,11,0
2008-04-05,0.718,8.49,0
2008-04-06,0.744,6.67,0
2008-04-07,2,6.17,0
2008-04-08,2.23,7.49,0
2008-04-09,1.02,8.24,0
2008-04-10,1.58,7.93,0
2008-04-11,1.61,7.43,0
2008-04-12,4.46,7.72,0
2008-04-13,1.38,8.24,0
2008-04-14,0.801,8.66,0
2008-04-15,0.673,8.56,0
2008-04-16,0.61,9.26,0
2008-04-17,0.558,8.4,0
2008-04-18,0.532,8.46,0
2008-04-19,0.521,10,0
2008-04-20,0.506,8.63,0
2008-04-21,0.495,9.54,0
2008-04-22,0.5,9.92,0
2008-04-23,0.514,11,0
2008-04-24,0.598,11.4,0
2008-04-25,0.967,11,0
2008-04-26,6.26,11.5,0
2008-04-27,1.42,10.8,0
2008-04-28,2.58,10.2,0
2008-04-29,1.02,9.68,0
2008-04-30,0.738,10.5,0
2008-05-01,0.721,10.7,0
2008-05-02,0.627,10.8,0
2008-05-03,0.921,11.6,0
2008-05-04,0.746,13.5,0
2008-05-05,0.601,14.2,0
2008-05-06,0.542,14.9,0
2008-05-07,0.514,15.9,0
2008-05-08,0.496,15.6,0
2008-05-09,0.492,15.4,0
2008-05-10,0.487,14.4,0
2008-05-11,0.468,14.8,0
2008-05-12,0.463,16.1,0
2008-05-13,0.452,17.2,0
2008-05-14,0.439,16.9,0
2008-05-15,0.437,16.5,0
2008-05-16,0.431,16,0
2008-05-17,0.423,15.4,0
2008-05-18,0.411,14.3,0
2008-05-19,0.413,14.8,0
2008-05-20,0.414,14,0
2008-05-21,0.649,11.9,0
2008-05-22,0.963,12.9,0
2008-05-23,0.707,14.2,0
2008-05-24,0.672,14.5,0
2008-05-25,0.502,14.7,0
2008-05-26,0.447,14.7,0
2008-05-27,0.42,14.2,0
2008-05-28,0.411,13.9,0
2008-05-29,0.417,14.5,0
2008-05-30,0.472,14.7,0
2008-05-31,0.922,17,0
2008-06-01,0.648,18,0
2008-06-02,0.46,16.7,0
2008-06-03,0.412,15.6,0
2008-06-04,1.16,14.8,0
2008-06-05,0.969,14,0
2008-06-06,0.833,14.9,0
2008-06-07,0.518,14.7,0
2008-06-08,0.529,17.4,0
2008-06-09,0.454,17.2,0
2008-06-10,0.422,16.3,0
2008-06-11,0.448,14.9,0
2008-06-12,0.525,13.8,0
2008-06-13,0.402,14.9,0
2008-06-14,0.401,14.1,0
2008-06-15,0.382,14.4,0
2008-06-16,0.361,13.6,0
2008-06-17,0.478,13.8,0
2008-06-18,0.658,13.8,0
2008-06-19,0.768,14.5,0
2008-06-20,0.556,15.8,0
2008-06-21,0.732,13,0
2008-06-22,7.21,12,0
2008-06-23,1.53,14.1,0
2008-06-24,1.16,13.5,0
2008-06-25,6.19,13.6,0
2008-06-26,4.51,13.1,0
2008-06-27,3.6,13.4,0
2008-06-28,2.34,13.8,0
2008-06-29,1.4,13.8,0
2008-06-30,6.23,13.6,0
2008-07-01,7.85,14.4,0
2008-07-02,3.24,14.8,0
2008-07-03,1.99,14.5,0
2008-07-04,0.997,14.7,0
2008-07-05,0.984,14.2,0
2008-07-06,0.787,15,0
2008-07-07,0.676,14.6,0
2008-07-08,0.603,13.8,0
2008-07-09,0.522,14.8,0
2008-07-10,1.41,14.3,0
2008-07-11,0.673,13.8,0
2008-07-12,0.551,13.9,0
2008-07-13,0.509,13.3,0
2008-07-14,0.517,15.2,0
2008-07-15,0.7,15.7,0
2008-07-16,0.555,14.5,0
2008-07-17,0.543,14.2,0
2008-07-18,1.48,14.4,0
2008-07-19,1.27,14.8,0
2008-07-20,0.645,15.1,0
2008-07-21,0.527,14.5,0
2008-07-22,0.698,15.6,0
2008-07-23,0.595,16.7,0
2008-07-24,0.499,18.3,0
2008-07-25,0.45,17.3,0
2008-07-26,0.426,17.4,0
2008-07-27,0.424,17.3,0
2008-07-28,0.443,17.6,0
2008-07-29,0.423,17.7,0
2008-07-30,0.742,17.8,0
2008-07-31,0.494,16.2,0
2008-08-01,5.45,15.2,0
2008-08-02,3.98,15.2,0
2008-08-03,1.55,15.1,0
2008-08-04,1.18,15.4,0
2008-08-05,0.797,15.2,0
2008-08-06,1.11,16.3,0
2008-08-07,0.763,15.5,0
2008-08-08,0.633,14.8,0
2008-08-09,6.57,15.1,0
2008-08-10,7.78,14.2,0
2008-08-11,4.74,14.2,0
2008-08-12,3.25,13.9,0
2008-08-13,17.6,13.4,0
2008-08-14,9.27,13.8,0
2008-08-15,3.57,14.3,0
2008-08-16,11.9,13.8,0
2008-08-17,3.16,14.1,0
2008-08-18,2.62,14.1,0
2008-08-19,1.54,14.5,0
2008-08-20,0.999,14.7,0
2008-08-21,0.804,15.4,0
2008-08-22,0.683,14.9,0
2008-08-23,4.44,14.5,0
2008-08-24,2.35,14.5,0
2008-08-25,5.74,14.9,0
2008-08-26,3.95,14.2,0
2008-08-27,3.42,14.9,0
2008-08-28,1.64,15.5,0
2008-08-29,1.11,15.6,0
2008-08-30,2.03,15.5,0
2008-08-31,1.91,14.7,0
2008-09-01,3,13.8,0
2008-09-02,8.82,13.1,0
2008-09-03,9.81,12.6,0
2008-09-04,2.81,13.6,0
2008-09-05,1.17,13,0
2008-09-06,1.04,13.8,0
2008-09-07,0.739,13.1,0
2008-09-08,0.732,13.8,0
2008-09-09,7.22,13,0
2008-09-10,9.84,12.4,0
2008-09-11,9.87,13.1,0
2008-09-12,5.72,13.2,0
2008-09-13,1.78,12.7,0
2008-09-14,7.53,13.4,0
2008-09-15,1.94,13.6,0
2008-09-16,0.945,13.7,0
2008-09-17,0.732,13,0
2008-09-18,1.28,12.8,0
2008-09-19,5.13,13.7,0
2008-09-20,1.68,14.7,0
2008-09-21,0.853,12.7,0
2008-09-22,0.711,11.2,0
2008-09-23,0.63,11.5,0
2008-09-24,0.583,12.1,0
2008-09-25,0.557,12.2,0
2008-09-26,0.546,12.3,0
2008-09-27,0.554,12.4,0
2008-09-28,0.572,11.6,0
2008-09-29,3.11,11.6,0
2008-09-30,14.9,12,0
2008-10-01,5.84,11.1,0
2008-10-02,3.48,9.91,0
2008-10-03,1.51,10.1,0
2008-10-04,17.1,11.1,0
2008-10-05,3.34,10.7,0
2008-10-06,1.57,11.2,0
2008-10-07,10.3,11.4,0
2008-10-08,1.57,11.3,0
2008-10-09,11.4,11.5,0
2008-10-10,27,12.6,0
2008-10-11,4.77,11.7,0
2008-10-12,1.3,10.8,0
2008-10-13,1.58,12,0
2008-10-14,1.01,10.9,0
2008-10-15,2.05,10.4,0
2008-10-16,2.7,9.91,0
2008-10-17,1.47,10.2,0
2008-10-18,2.93,10.8,0
2008-10-19,3.22,11.5,0
2008-10-20,5.08,10.6,0
2008-10-21,3.31,9.06,0
2008-10-22,2.03,9.44,0
2008-10-23,18.5,11,0
2008-10-24,2.65,9.33,0
2008-10-25,18.4,10.7,0
2008-10-26,4.05,9.7,0
2008-10-27,2.43,8.35,0
2008-10-28,2.61,7.69,0
2008-10-29,5.85,7.68,0
2008-10-30,2.46,7.6,0
2008-10-31,1.45,7.38,0
2008-11-01,1.16,7.23,0
2008-11-02,0.903,8.47,0
2008-11-03,1.02,9.49,0
2008-11-04,0.933,9.34,0
2008-11-05,0.786,9.13,0
2008-11-06,1.22,9.07,0
2008-11-07,7.14,8.37,0
2008-11-08,6.38,8.34,0
2008-11-09,2.6,6.77,0
2008-11-10,6.79,6.62,0
2008-11-11,4.55,7.12,0
2008-11-12,1.74,7.61,0
2008-11-13,7.08,9.51,0
2008-11-14,5.14,10.2,0
2008-11-15,3.6,9.56,0
2008-11-16,2.19,9.09,0
2008-11-17,7.84,9.61,0
2008-11-18,4.33,9.31,0
2008-11-19,1.61,9.3,0
2008-11-20,4.06,10.1,0
2008-11-21,3.45,9.35,0
2008-11-22,4.71,9.47,0
2008-11-23,6.61,8.32,0
2008-11-24,2.17,7,0
2008-11-25,1.93,7.52,0
2008-11-26,2.82,9.05,0
2008-11-27,7.52,7.72,0
2008-11-28,1.84,5.92,0
2008-11-29,1.64,5.51,0
2008-11-30,1.43,5.04,0
2008-12-01,1.64,5.32,0
2008-12-02,1.97,5.48,0
2008-12-03,5.73,4.98,0
2008-12-04,8.38,6.1,0
2008-12-05,4.19,6.16,0
2008-12-06,1.49,4.82,0
2008-12-07,1.04,5.01,0
2008-12-08,3.99,6.36,0
2008-12-09,1.55,5.66,0
2008-12-10,1.54,6.55,0
2008-12-11,2.28,6.77,0
2008-12-12,13,6.75,0
2008-12-13,4.03,5.55,0
2008-12-14,1.85,4.71,0
2008-12-15,3.46,5.94,0
2008-12-16,6.5,7.62,0
2008-12-17,2.12,6.76,0
2008-12-18,3.64,7.66,0
2008-12-19,6.28,7.26,0
2008-12-20,5.51,8.35,0
2008-12-21,9.67,9.08,0
2008-12-22,1.84,8.48,0
2008-12-23,1.16,7.68,0
2008-12-24,0.92,7.62,0
2008-12-25,0.802,7.06,0
2008-12-26,0.734,6.6,0
2008-12-27,0.686,4.21,0
2008-12-28,0.646,3.08,0
2008-12-29,0.616,3.07,0
2008-12-30,0.6,4.03,0
2008-12-31,0.581,4.61,0
2009-01-01,0.563,3.49,0
2009-01-02,0.55,3.02,0
2009-01-03,0.531,2.55,0
2009-01-04,0.536,4.12,0
2009-01-05,0.521,3.15,0
2009-01-06,0.511,1.33,0
2009-01-07,0.503,0.81,0
2009-01-08,0.519,2.77,0
2009-01-09,0.502,3.76,0
2009-01-10,3.67,5.45,0
2009-01-11,10.9,8.51,0
2009-01-12,2.77,7.14,0
2009-01-13,1.44,5.3,0
2009-01-14,7.62,5.3,0
2009-01-15,2.55,7.32,0
2009-01-16,1.98,6.42,0
2009-01-17,5.67,5.62,0
2009-01-18,5.56,4.2,0
2009-01-19,3.6,4.2,0
2009-01-20,4.62,3.61,0
2009-01-21,8.82,4.34,0
2009-01-22,8.84,5.17,0
2009-01-23,3.09,3.94,0
2009-01-24,2.46,3.85,0
2009-01-25,3.67,4.64,0
2009-01-26,3.2,4.93,0
2009-01-27,2.42,5.7,0
2009-01-28,1.11,5.53,0
2009-01-29,1.53,6.23,0
2009-01-30,1.9,7.33,0
2009-01-31,2.62,6.51,0
2009-02-01,1.29,5.62,0
2009-02-02,0.882,3.76,0
2009-02-03,1.02,3.46,0
2009-02-04,0.871,3.52,0
2009-02-05,0.781,2.77,0
2009-02-06,0.746,2.44,0
2009-02-07,0.77,2.71,0
2009-02-08,1.47,2.95,0
2009-02-09,1.33,3.25,0
2009-02-10,2.61,3.53,0
2009-02-11,1.78,4.49,0
2009-02-12,1.51,5.97,0
2009-02-13,1.06,6.73,0
2009-02-14,0.913,6.5,0
2009-02-15,1.27,7.47,0
2009-02-16,0.851,7.68,0
2009-02-17,0.718,7.08,0
2009-02-18,0.658,7.02,0
2009-02-19,0.845,7.33,0
2009-02-20,0.703,5.79,0
2009-02-21,0.634,7.65,0
2009-02-22,0.977,8.45,0
2009-02-23,1.34,8.24,0
2009-02-24,0.881,7.78,0
2009-02-25,1.02,7.61,0
2009-02-26,1.12,7.51,0
2009-02-27,2.26,8.15,0
2009-02-28,2.28,7.89,0
2009-03-01,2.06,6.95,0
2009-03-02,2.45,7.2,0
2009-03-03,5.11,5.79,0
2009-03-04,2.66,4.9,0
2009-03-05,2.94,5.05,0
2009-03-06,3.27,6.35,0
2009-03-07,4.53,7.53,0
2009-03-08,3.81,4.71,0
2009-03-09,5.17,5.4,0
2009-03-10,3.43,7.37,0
2009-03-11,7.53,8.38,0
2009-03-12,2.59,7.84,0
2009-03-13,1.08,7.53,0
2009-03-14,1.25,7.45,0
2009-03-15,0.838,7.87,0
2009-03-16,1.88,8.5,0
2009-03-17,1.35,9.21,0
2009-03-18,0.831,8.78,0
2009-03-19,0.704,8.54,0
2009-03-20,0.632,8.87,0
2009-03-21,0.592,9.97,0
2009-03-22,0.561,9.32,0
2009-03-23,0.556,9.5,0
2009-03-24,0.562,8.14,0
2009-03-25,0.672,8.55,0
2009-03-26,2.16,8.22,0
2009-03-27,1.4,6.83,0
2009-03-28,1.23,6.21,0
2009-03-29,2.41,7.33,0
2009-03-30,1.26,9.29,0
2009-03-31,0.782,10.1,0
2009-04-01,0.636,10,0
2009-04-02,0.548,10.3,0
2009-04-03,0.819,9.02,0
2009-04-04,2.14,9.2,0
2009-04-05,0.755,8.75,0
2009-04-06,0.625,8.53,0
2009-04-07,7.87,8.02,0
2009-04-08,3.17,8.38,0
2009-04-09,6.49,8.6,0
2009-04-10,2.38,8.26,0
2009-04-11,1.8,8.56,0
2009-04-12,0.886,8.67,0
2009-04-13,1.71,9.64,0
2009-04-14,0.926,10.3,0
2009-04-15,0.701,8.99,0
2009-04-16,0.632,11.5,0
2009-04-17,0.555,10.6,0
2009-04-18,0.522,11.7,0
2009-04-19,0.49,11.6,0
2009-04-20,0.492,11.9,0
2009-04-21,1.23,12.5,0
2009-04-22,2.18,10.8,0
2009-04-23,2.14,10.4,0
2009-04-24,2.76,10.2,0
2009-04-25,1.35,9.39,0
2009-04-26,2.06,9.1,0
2009-04-27,3.05,9.36,0
2009-04-28,1.38,10,0
2009-04-29,1.23,9.91,0
2009-04-30,1.57,11.1,0
2009-05-01,3.09,10.4,0
2009-05-02,1.18,10.8,0
2009-05-03,1.4,10.2,0
2009-05-04,3.39,9.95,0
2009-05-05,2.98,10.5,0
2009-05-06,10,10.3,0
2009-05-07,3.8,8.83,0
2009-05-08,4.17,8.9,0
2009-05-09,3.44,9.52,0
2009-05-10,2.34,10.6,0
2009-05-11,1.6,11.9,0
2009-05-12,1.17,12.5,0
2009-05-13,0.908,12.1,0
2009-05-14,0.758,11.3,0
2009-05-15,1.27,10.6,0
2009-05-16,2.25,9.76,0
2009-05-17,2.37,10,0
2009-05-18,2.52,10.4,0
2009-05-19,1.6,11.3,0
2009-05-20,1.25,12.8,0
2009-05-21,0.992,12.1,0
2009-05-22,0.873,13.6,0
2009-05-23,1.26,12.6,0
2009-05-24,1.18,11.3,0
2009-05-25,1.16,12.3,0
2009-05-26,1.02,11.8,0
2009-05-27,2.12,11.4,0
2009-05-28,1.74,11.9,0
2009-05-29,1.28,14.3,0
2009-05-30,0.98,15.8,0
2009-05-31,0.795,17.2,0
2009-06-01,0.679,18.3,0
2009-06-02,0.595,18.9,0
2009-06-03,0.514,18.5,0
2009-06-04,0.471,17.4,0
2009-06-05,0.43,15.5,0
2009-06-06,0.395,14,0
2009-06-07,0.379,14.5,0
2009-06-08,0.37,14.5,0
2009-06-09,0.358,14.6,0
2009-06-10,0.348,15.3,0
2009-06-11,0.343,15.4,0
2009-06-12,0.358,14.5,0
2009-06-13,0.368,15.2,0
2009-06-14,0.399,16.2,0
2009-06-15,0.38,16.1,0
2009-06-16,0.418,15.9,0
2009-06-17,1.18,14.1,0
2009-06-18,0.81,13.3,0
2009-06-19,0.689,13.1,0
2009-06-20,0.598,14.5,0
2009-06-21,0.545,16.1,0
2009-06-22,0.517,17.4,0
2009-06-23,0.478,18.9,0
2009-06-24,0.468,19.4,0
2009-06-25,0.434,18,0
2009-06-26,0.407,18,0
2009-06-27,0.396,18.9,0
2009-06-28,0.39,18.5,0
2009-06-29,0.37,19.2,0
2009-06-30,0.373,17.5,0
2009-07-01,0.362,16.8,0
2009-07-02,0.382,17.6,0
2009-07-03,0.454,16.6,0
2009-07-04,0.531,17.3,0
2009-07-05,0.608,17.5,0
2009-07-06,0.684,15.1,0
2009-07-07,0.761,15.1,0
2009-07-08,0.838,15.6,0
2009-07-09,0.914,15.9,0
2009-07-10,0.991,14.2,0
2009-07-11,1.07,15.8,0
2009-07-12,1.14,14.9,0
2009-07-13,1.22,14.2,0
2009-07-14,1.3,14.9,0
2009-07-15,1.17,16.7,0
2009-07-16,0.949,16.6,0
2009-07-17,0.771,15.9,0
2009-07-18,0.695,15.4,0
2009-07-19,0.669,15.5,0
2009-07-20,0.725,15.3,0
2009-07-21,0.821,14.9,0
2009-07-22,0.852,14.9,0
2009-07-23,1.54,14.7,0
2009-07-24,1.74,15,0
2009-07-25,1.32,15.3,0
2009-07-26,3.17,14.3,0
2009-07-27,2.97,14.2,0
2009-07-28,2.14,14,0
2009-07-29,1.82,14.7,0
2009-07-30,1.51,14.9,0
2009-07-31,1.96,13.8,0
2009-08-01,3.62,13.3,0
2009-08-02,2.36,13.9,0
2009-08-03,2.21,14.6,0
2009-08-04,1.88,15.4,0
2009-08-05,1.43,14.8,0
2009-08-06,1.11,15.6,0
2009-08-07,0.939,15,0
2009-08-08,1.22,15,0
2009-08-09,0.922,14.6,0
2009-08-10,1.68,14.7,0
2009-08-11,9.1,14.7,0
2009-08-12,1.51,14.8,0
2009-08-13,1.06,14.9,0
2009-08-14,4.82,14.9,0
2009-08-15,4.28,14.7,0
2009-08-16,3.25,14.6,0
2009-08-17,3.69,14.7,0
2009-08-18,3.56,15,0
2009-08-19,11.2,15,0
2009-08-20,1.51,14.9,0
2009-08-21,2.73,13.6,0
2009-08-22,2.06,13.6,0
2009-08-23,12.9,14,0
2009-08-24,2.26,13.7,0
2009-08-25,1.99,13.8,0
2009-08-26,11.2,13.7,0
2009-08-27,3.01,13.2,0
2009-08-28,3.59,12.6,0
2009-08-29,1.77,13.2,0
2009-08-30,3.52,14.2,0
2009-08-31,9.66,13.6,0
2009-09-01,3.42,13,0
2009-09-02,3.47,13.2,0
2009-09-03,2.74,12.9,0
2009-09-04,2.01,12.7,0
2009-09-05,1.12,13.1,0
2009-09-06,10.3,13.1,0
2009-09-07,3.33,13.3,0
2009-09-08,11.4,13.7,0
2009-09-09,1.41,13.6,0
2009-09-10,0.868,13.8,0
2009-09-11,0.727,13.9,0
2009-09-12,0.656,13.9,0
2009-09-13,0.612,14.1,0
2009-09-14,0.585,14.3,0
2009-09-15,0.569,14.5,0
2009-09-16,0.551,13.7,0
2009-09-17,0.537,12.7,0
2009-09-18,0.531,12.8,0
2009-09-19,0.642,13.4,0
2009-09-20,0.585,12,0
2009-09-21,10.5,13.4,0
2009-09-22,3.57,13.1,0
2009-09-23,1.34,12.5,0
2009-09-24,0.876,12.5,0
2009-09-25,0.704,13.2,0
2009-09-26,0.643,14,0
2009-09-27,0.804,14.1,0
2009-09-28,1.07,13.5,0
2009-09-29,1.56,13,0
2009-09-30,2.47,12.8,0
2009-10-01,1.61,12.1,0
2009-10-02,1.54,12.2,0
2009-10-03,3.54,11.8,0
2009-10-04,2.17,11.1,0
2009-10-05,1.16,11.3,0
2009-10-06,0.893,11.7,0
2009-10-07,0.743,9.73,0
2009-10-08,0.684,10.1,0
2009-10-09,0.693,10.3,0
2009-10-10,0.747,11.6,0
2009-10-11,1.74,11.7,0
2009-10-12,0.898,10.7,0
2009-10-13,1.2,12.8,0
2009-10-14,0.978,13.2,0
2009-10-15,0.779,12,0
2009-10-16,0.696,11.3,0
2009-10-17,0.656,10.5,0
2009-10-18,1.95,11.2,0
2009-10-19,3.22,11,0
2009-10-20,2.7,11,0
2009-10-21,1.52,10.5,0
2009-10-22,1.03,11.3,0
2009-10-23,1.12,11,0
2009-10-24,13.1,11.7,0
2009-10-25,5.29,11.4,0
2009-10-26,2.29,11.5,0
2009-10-27,10.1,12.3,0
2009-10-28,1.99,12.5,0
2009-10-29,1.1,12.9,0
2009-10-30,5.87,13.2,0
2009-10-31,1.6,12.5,0
2009-11-01,7.81,11.1,0
2009-11-02,4.29,9.94,0
2009-11-03,11.5,9.93,0
2009-11-04,3.96,9.33,0
2009-11-05,3.62,9.16,0
2009-11-06,7.69,9.03,0
2009-11-07,5.35,8.3,0
2009-11-08,2.32,8.62,0
2009-11-09,5.75,8.68,0
2009-11-10,2.7,8.57,0
2009-11-11,2.28,7.44,0
2009-11-12,5.66,8.12,0
2009-11-13,2.92,7.89,0
2009-11-14,1.86,7.64,0
2009-11-15,1.31,8.03,0
2009-11-16,6.97,8.26,0
2009-11-17,6.46,7.91,0
2009-11-18,15.4,8.24,0
2009-11-19,13.9,9.78,0
2009-11-20,5.25,8.8,0
2009-11-21,6.38,8.8,0
2009-11-22,7.02,8.08,0
2009-11-23,6.27,8.38,0
2009-11-24,14.6,8.94,0
2009-11-25,6.25,7.54,0
2009-11-26,3.96,7.13,0
2009-11-27,3.04,6.79,0
2009-11-28,1.83,5.62,0
2009-11-29,1.08,5.69,0
2009-11-30,1.02,5.15,0
2009-12-01,2.5,5.16,0
2009-12-02,3.58,6.68,0
2009-12-03,3.18,5.64,0
2009-12-04,2.4,6.23,0
2009-12-05,6.72,7.04,0
2009-12-06,3.34,6.73,0
2009-12-07,6.6,6.2,0
2009-12-08,2.91,7.06,0
2009-12-09,4.14,7.07,0
2009-12-10,1.76,6.34,0
2009-12-11,4.25,7.18,0
2009-12-12,1.37,6.17,0
2009-12-13,0.979,4.67,0
2009-12-14,0.844,4.26,0
2009-12-15,1.06,6.03,0
2009-12-16,0.87,5.21,0
2009-12-17,0.932,5.38,0
2009-12-18,0.779,4.17,0
2009-12-19,1.06,3.91,0
2009-12-20,1.29,3.39,0
2009-12-21,1.4,3.38,0
2009-12-22,1.12,3.36,0
2009-12-23,0.919,2.29,0
2009-12-24,0.761,0.693,0
2009-12-25,0.71,0.633,0
2009-12-26,4.07,2.28,0
2009-12-27,3.85,3.22,0
2009-12-28,1.29,2.38,0
2009-12-29,0.931,2.84,0
2009-12-30,2.18,3.04,0
2009-12-31,1.74,2.48,0
2010-01-01,0.93,1.6,0
2010-01-02,0.858,0.952,0
2010-01-03,0.805,0.817,0
2010-01-04,0.759,0.51,0
2010-01-05,1.75,1.49,0
2010-01-06,1.05,1.3,0
2010-01-07,0.824,1.2,0
2010-01-08,0.999,1.5,0
2010-01-09,0.747,0.25,0
2010-01-10,0.668,0.457,0
2010-01-11,0.762,1.81,0
2010-01-12,1.62,1.67,0
2010-01-13,1.73,2.27,0
2010-01-14,1.9,2.61,0
2010-01-15,9.24,4.07,0
2010-01-16,3.7,4.87,0
2010-01-17,3.27,4.84,0
2010-01-18,1.72,6.07,0
2010-01-19,1.26,5.17,0
2010-01-20,1.8,4.78,0
2010-01-21,6.69,5.5,0
2010-01-22,2.52,5.53,0
2010-01-23,1.13,3.52,0
2010-01-24,0.884,2.99,0
2010-01-25,0.869,4.2,0
2010-01-26,0.763,3.9,0
2010-01-27,1.99,5.99,0
2010-01-28,3.33,6.22,0
2010-01-29,6.12,5.99,0
2010-01-30,1.3,4.35,0
2010-01-31,1.11,3.41,0
2010-02-01,1.16,3.76,0
2010-02-02,1.65,5.96,0
2010-02-03,3.48,5.63,0
2010-02-04,1.59,5.5,0
2010-02-05,1.36,5.59,0
2010-02-06,0.926,4.57,0
2010-02-07,0.799,4.84,0
2010-02-08,0.72,4.51,0
2010-02-09,0.661,3.61,0
2010-02-10,0.619,2.35,0
2010-02-11,0.591,1.59,0
2010-02-12,0.576,2.41,0
2010-02-13,0.563,2.32,0
2010-02-14,0.581,2.64,0
2010-02-15,1.19,4.19,0
2010-02-16,2.46,3.75,0
2010-02-17,1.61,4.05,0
2010-02-18,0.958,3.06,0
2010-02-19,1.03,3.14,0
2010-02-20,0.947,2.48,0
2010-02-21,0.877,3.01,0
2010-02-22,0.785,2.82,0
2010-02-23,0.688,2.63,0
2010-02-24,0.665,3.24,0
2010-02-25,0.785,3.43,0
2010-02-26,2.32,4.22,0
2010-02-27,2.21,4.45,0
2010-02-28,2.89,4.09,0
2010-03-01,1.2,3.66,0
2010-03-02,0.852,3.67,0
2010-03-03,1.35,4.55,0
2010-03-04,1.15,4.42,0
2010-03-05,0.822,3.9,0
2010-03-06,0.734,4.62,0
2010-03-07,0.686,5.08,0
2010-03-08,0.624,3.67,0
2010-03-09,0.581,3.29,0
2010-03-10,0.559,3.49,0
2010-03-11,0.545,3.71,0
2010-03-12,0.578,6.12,0
2010-03-13,0.587,6.6,0
2010-03-14,0.557,6.64,0
2010-03-15,0.545,7.24,0
2010-03-16,0.53,7.1,0
2010-03-17,0.547,9.06,0
2010-03-18,0.75,9.12,0
2010-03-19,1.01,7.95,0
2010-03-20,0.641,8,0
2010-03-21,0.62,8.46,0
2010-03-22,2.09,7.48,0
2010-03-23,1.34,6.84,0
2010-03-24,2.65,7.73,0
2010-03-25,0.986,7.29,0
2010-03-26,1.3,8.31,0
2010-03-27,0.905,8.46,0
2010-03-28,0.71,8.17,0
2010-03-29,2.15,5.91,0
2010-03-30,5.56,5.11,0
2010-03-31,2.2,4.84,0
2010-04-01,1.94,5.92,0
2010-04-02,1.51,5.9,0
2010-04-03,3.06,6.5,0
2010-04-04,3.21,5.95,0
2010-04-05,13.9,7.85,0
2010-04-06,3.01,7.73,0
2010-04-07,1.07,8.08,0
2010-04-08,0.699,8.89,0
2010-04-09,0.575,9.71,0
2010-04-10,0.502,10.2,0
2010-04-11,0.46,10.7,0
2010-04-12,0.477,11.4,0
2010-04-13,0.486,12.4,0
2010-04-14,0.471,11.7,0
2010-04-15,0.46,11.1,0
2010-04-16,0.45,11.2,0
2010-04-17,0.443,11,0
2010-04-18,0.445,10.8,0
2010-04-19,0.437,10.6,0
2010-04-20,0.432,9.63,0
2010-04-21,0.426,9.65,0
2010-04-22,0.425,10.7,0
2010-04-23,0.423,10.5,0
2010-04-24,0.429,10.6,0
2010-04-25,0.465,11.8,0
2010-04-26,0.455,13.2,0
2010-04-27,0.468,12.2,0
2010-04-28,1.91,11.4,0
2010-04-29,1.06,11.4,0
2010-04-30,1.03,11.4,0
2010-05-01,0.736,11.2,0
2010-05-02,0.623,11.1,0
2010-05-03,0.517,10.9,0
2010-05-04,0.468,10.7,0
2010-05-05,0.53,11.9,0
2010-05-06,0.627,11.9,0
2010-05-07,0.516,11.3,0
2010-05-08,0.455,12.2,0
2010-05-09,0.432,11.4,0
2010-05-10,0.421,10.8,0
2010-05-11,0.414,10.2,0
2010-05-12,0.418,11.5,0
2010-05-13,0.449,11.6,0
2010-05-14,0.532,11.6,0
2010-05-15,0.554,11.7,0
2010-05-16,0.61,12.1,0
2010-05-17,0.501,12.9,0
2010-05-18,2.17,12.5,0
2010-05-19,3.46,13.2,0
2010-05-20,0.913,15.5,0
2010-05-21,0.654,15.8,0
2010-05-22,0.546,18.5,0
2010-05-23,0.488,18.5,0
2010-05-24,0.457,17.4,0
2010-05-25,0.438,15.3,0
2010-05-26,0.427,14.7,0
2010-05-27,0.424,13.1,0
2010-05-28,0.423,13.3,0
2010-05-29,0.432,13.2,0
2010-05-30,0.425,14.1,0
2010-05-31,0.518,14.4,0
2010-06-01,1.05,15.7,0
2010-06-02,0.564,17.6,0
2010-06-03,0.488,17.2,0
2010-06-04,0.482,17.1,0
2010-06-05,0.462,16.7,0
2010-06-06,0.45,16.5,0
2010-06-07,0.441,15.1,0
2010-06-08,0.44,14.9,0
2010-06-09,0.434,14.2,0
2010-06-10,0.428,16.3,0
2010-06-11,0.425,15.4,0
2010-06-12,0.417,15.1,0
2010-06-13,0.513,15.1,0
2010-06-14,0.559,15.2,0
2010-06-15,0.442,17.1,0
2010-06-16,0.398,16.2,0
2010-06-17,0.403,16.9,0
2010-06-18,0.399,16,0
2010-06-19,0.36,16.5,0
2010-06-20,0.345,18,0
2010-06-21,0.335,18.1,0
2010-06-22,0.33,16.4,0
2010-06-23,0.348,16.4,0
2010-06-24,0.345,17.4,0
2010-06-25,0.335,17.4,0
2010-06-26,0.347,18.4,0
2010-06-27,0.333,17.1,0
2010-06-28,0.331,16.4,0
2010-06-29,0.324,17.5,0
2010-06-30,0.597,16.6,0
2010-07-01,8.29,15,0
2010-07-02,0.86,15.5,0
2010-07-03,0.679,14.5,0
2010-07-04,11.5,13.9,0
2010-07-05,1.25,14.9,0
2010-07-06,3.14,14.3,0
2010-07-07,2.16,13.8,0
2010-07-08,0.84,14.6,0
2010-07-09,1.12,15.1,0
2010-07-10,2.05,14.4,0
2010-07-11,1.94,13.9,0
2010-07-12,0.789,15.1,0
2010-07-13,0.778,15,0
2010-07-14,6.33,15,0
2010-07-15,9.17,14.5,0
2010-07-16,2.53,14.1,0
2010-07-17,2.52,14,0
2010-07-18,1.67,15.4,0
2010-07-19,2.83,15.3,0
2010-07-20,2.91,15.6,0
2010-07-21,2.6,14,0
2010-07-22,1.38,14.3,0
2010-07-23,0.714,14.7,0
2010-07-24,0.938,16.4,0
2010-07-25,1.26,15.8,0
2010-07-26,1.41,15.4,0
2010-07-27,1.2,15.2,0
2010-07-28,2.63,14.4,0
2010-07-29,0.937,14.8,0
2010-07-30,2.77,15.1,0
2010-07-31,1.91,14.4,0
2010-08-01,1.59,14.7,0
2010-08-02,1.13,14.5,0
2010-08-03,2.19,14.2,0
2010-08-04,3.24,14.3,0
2010-08-05,1,14.6,0
2010-08-06,2.48,14.4,0
2010-08-07,1.79,14.7,0
2010-08-08,1.61,13.9,0
2010-08-09,4.04,14.5,0
2010-08-10,3.82,14,0
2010-08-11,0.937,14.5,0
2010-08-12,0.723,14.6,0
2010-08-13,0.624,15,0
2010-08-14,0.571,15,0
2010-08-15,0.555,17.4,0
2010-08-16,1.96,15.5,0
2010-08-17,2.13,14.4,0
2010-08-18,1.05,14.4,0
2010-08-19,1.7,14.5,0
2010-08-20,3.71,14.9,0
2010-08-21,0.908,15.2,0
2010-08-22,0.856,15.3,0
2010-08-23,3.32,14.1,0
2010-08-24,4.22,13,0
2010-08-25,1,13.4,0
2010-08-26,0.641,14.1,0
2010-08-27,0.534,13.5,0
2010-08-28,0.495,14.3,0
2010-08-29,0.581,14.8,0
2010-08-30,0.5,14.1,0
2010-08-31,0.446,14.6,0
2010-09-01,0.421,15.6,0
2010-09-02,0.403,16.2,0
2010-09-03,0.386,16.6,0
2010-09-04,0.384,16.9,0
2010-09-05,0.383,14.9,0
2010-09-06,2.25,14.8,0
2010-09-07,20.2,13.3,0
2010-09-08,19.9,13.7,0
2010-09-09,5.15,14.5,0
2010-09-10,5.49,14.9,0
2010-09-11,2.21,14.2,0
2010-09-12,1.14,13.7,0
2010-09-13,11.4,14.4,0
2010-09-14,3.52,13.8,0
2010-09-15,2.23,13.3,0
2010-09-16,1.18,13.6,0
2010-09-17,0.918,13,0
2010-09-18,8.35,12.8,0
2010-09-19,3.92,13.8,0
2010-09-20,2.02,13.9,0
2010-09-21,2.92,14,0
2010-09-22,9.72,14,0
2010-09-23,5.25,13.2,0
2010-09-24,1.32,12.4,0
2010-09-25,0.743,12.3,0
2010-09-26,0.603,12,0
2010-09-27,0.534,12.4,0
2010-09-28,0.831,12.5,0
2010-09-29,0.668,11.8,0
2010-09-30,0.742,12,0
2010-10-01,1.58,12,0
2010-10-02,1.92,11.5,0
2010-10-03,1.94,11.9,0
2010-10-04,3.06,11.4,0
2010-10-05,2.1,10.9,0
2010-10-06,3.43,11,0
2010-10-07,0.968,12.1,0
2010-10-08,0.667,13.6,0
2010-10-09,0.583,14.4,0
2010-10-10,0.527,12.6,0
2010-10-11,0.493,12.1,0
2010-10-12,0.462,10.3,0
2010-10-13,0.443,10.7,0
2010-10-14,0.437,11.3,0
2010-10-15,0.639,11.9,0
2010-10-16,0.927,11.2,0
2010-10-17,0.746,10.8,0
2010-10-18,0.99,10.9,0
2010-10-19,1.07,9.9,0
2010-10-20,0.694,8.29,0
2010-10-21,0.722,8.77,0
2010-10-22,4.1,9.8,0
2010-10-23,1.55,9.61,0
2010-10-24,0.801,7.86,0
2010-10-25,0.647,7.2,0
2010-10-26,14.7,11.2,0
2010-10-27,3.38,10.2,0
2010-10-28,2.73,10.1,0
2010-10-29,3.02,10.1,0
2010-10-30,2.38,9.08,0
2010-10-31,1.06,8.8,0
2010-11-01,13.7,9.25,0
2010-11-02,5.09,9.83,0
2010-11-03,5.44,9.74,0
2010-11-04,13,11.3,0
2010-11-05,3.33,10.2,0
2010-11-06,3,8.5,0
2010-11-07,8.51,7.94,0
2010-11-08,10.5,8.37,0
2010-11-09,2.56,8.45,0
2010-11-10,1.19,7.54,0
2010-11-11,8.13,8.25,0
2010-11-12,1.77,7.92,0
2010-11-13,2.3,7.08,0
2010-11-14,1.29,6.51,0
2010-11-15,1.34,6.7,0
2010-11-16,3.67,7.47,0
2010-11-17,4.11,7.78,0
2010-11-18,9.94,8.31,0
2010-11-19,1.95,7.55,0
2010-11-20,0.94,7.66,0
2010-11-21,0.72,6.28,0
2010-11-22,0.625,5.23,0
2010-11-23,0.571,4.49,0
2010-11-24,0.672,5.29,0
2010-11-25,1.43,5.02,0
2010-11-26,2.98,5.07,0
2010-11-27,1.57,4.04,0
2010-11-28,0.928,3.29,0
2010-11-29,0.709,2.3,0
2010-11-30,0.611,1.55,0
2010-12-01,0.55,0.85,0
2010-12-02,0.509,0.293,0
2010-12-03,3.44,1.78,0
2010-12-04,1.94,3.21,0
2010-12-05,0.964,2.81,0
2010-12-06,2.4,2.35,0
2010-12-07,1.09,2.46,0
2010-12-08,0.763,2.14,0
2010-12-09,1.42,3.07,0
2010-12-10,1.74,4.99,0
2010-12-11,0.966,5.14,0
2010-12-12,0.725,4.28,0
2010-12-13,0.609,3.09,0
2010-12-14,0.542,2.35,0
2010-12-15,0.537,4.18,0
2010-12-16,0.594,5.14,0
2010-12-17,0.63,1.82,0
2010-12-18,0.603,1.04,0
2010-12-19,0.56,1.09,0
2010-12-20,0.514,0.133,0
2010-12-21,0.5,0.262,0
2010-12-22,0.468,0.11,0
2010-12-23,0.46,0.112,0
2010-12-24,0.443,0.0533,0
2010-12-25,0.465,0.102,0
2010-12-26,4.45,0.45,0
2010-12-27,8.94,3.86,0
2010-12-28,2.79,5.51,0
2010-12-29,6.98,6.65,0
2010-12-30,1.53,6.01,0
2010-12-31,0.789,5.48,0
2011-01-01,0.632,5.36,0
2011-01-02,0.566,4.21,0
2011-01-03,0.511,2.57,0
2011-01-04,0.904,4.54,0
2011-01-05,2.29,3.89,0
2011-01-06,0.995,3.48,0
2011-01-07,0.66,1.61,0
2011-01-08,0.903,1.57,0
2011-01-09,1.12,2.62,0
2011-01-10,1.53,3.98,0
2011-01-11,2.33,4.05,0
2011-01-12,4.9,6.62,0
2011-01-13,5.31,7.56,0
2011-01-14,4.23,6.73,0
2011-01-15,18.6,8.24,0
2011-01-16,6.65,7.06,0
2011-01-17,2.66,5.35,0
2011-01-18,2.13,4.3,0
2011-01-19,1.2,3.09,0
2011-01-20,0.527,2.21,0
2011-01-21,0.474,2.85,0
2011-01-22,0.443,2.25,0
2011-01-23,0.432,2.94,0
2011-01-24,0.46,3.98,0
2011-01-25,3.2,6.28,0
2011-01-26,1.9,5.75,0
2011-01-27,0.678,3.7,0
2011-01-28,0.526,3.27,0
2011-01-29,0.457,1.8,0
2011-01-30,0.429,2.77,0
2011-01-31,5.67,6.42,0
2011-02-01,3.91,6.45,0
2011-02-02,8.4,7.19,0
2011-02-03,4.7,5.56,0
2011-02-04,13.2,7.29,0
2011-02-05,10.5,6.85,0
2011-02-06,4.47,6.45,0
2011-02-07,15.7,5.1,0
2011-02-08,3.57,5.11,0
2011-02-09,6.36,6.63,0
2011-02-10,1.53,5.31,0
2011-02-11,1.55,6.41,0
2011-02-12,0.964,5.34,0
2011-02-13,0.845,5.65,0
2011-02-14,2.16,4.92,0
2011-02-15,1.57,4.83,0
2011-02-16,1.56,5.23,0
2011-02-17,0.749,4.21,0
2011-02-18,0.972,5.51,0
2011-02-19,1.05,6.79,0
2011-02-20,0.979,6.95,0
2011-02-21,1.58,6.93,0
2011-02-22,4,7.65,0
2011-02-23,4.58,8.74,0
2011-02-24,1.28,9.39,0
2011-02-25,2.7,8.99,0
2011-02-26,1.72,7.1,0
2011-02-27,1.48,6.7,0
2011-02-28,0.766,6,0
2011-03-01,0.625,7.39,0
2011-03-02,0.558,6.45,0
2011-03-03,0.524,8.5,0
2011-03-04,0.496,8.73,0
2011-03-05,0.471,8.9,0
2011-03-06,0.445,7.88,0
2011-03-07,0.467,7.62,0
2011-03-08,0.494,7.51,0
2011-03-09,1.09,6.99,0
2011-03-10,1.5,6.93,0
2011-03-11,2.34,5.63,0
2011-03-12,2.32,5.64,0
2011-03-13,1.83,5.09,0
2011-03-14,3.88,5.25,0
2011-03-15,1.07,5.22,0
2011-03-16,0.759,5.82,0
2011-03-17,1.02,6.45,0
2011-03-18,0.716,5.3,0
2011-03-19,0.696,6.18,0
2011-03-20,1.94,8.49,0
2011-03-21,0.853,9.37,0
2011-03-22,0.623,10.3,0
2011-03-23,0.53,10.1,0
2011-03-24,0.478,9.4,0
2011-03-25,0.449,8.74,0
2011-03-26,0.426,8.41,0
2011-03-27,0.412,8.84,0
2011-03-28,0.401,9.06,0
2011-03-29,0.396,9.34,0
2011-03-30,0.539,10.4,0
2011-03-31,3.41,10.1,0
2011-04-01,6.55,10.3,0
2011-04-02,2.84,9.34,0
2011-04-03,0.808,8.83,0
2011-04-04,3.63,9.35,0
2011-04-05,13.1,10.5,0
2011-04-06,11.1,10.7,0
2011-04-07,2.97,10.8,0
2011-04-08,0.802,10.8,0
2011-04-09,0.587,11.8,0
2011-04-10,0.509,12,0
2011-04-11,1.02,10.8,0
2011-04-12,0.752,9.3,0
2011-04-13,15.4,9.44,0
2011-04-14,1.24,10.6,0
2011-04-15,0.682,10.5,0
2011-04-16,0.721,11.3,0
2011-04-17,0.529,12.8,0
2011-04-18,0.468,12.2,0
2011-04-19,0.436,12.7,0
2011-04-20,0.417,12.6,0
2011-04-21,0.419,13.7,0
2011-04-22,0.411,12.6,0
2011-04-23,0.411,12.3,0
2011-04-24,0.513,12.9,0
2011-04-25,0.438,12.7,0
2011-04-26,0.401,12.8,0
2011-04-27,0.519,13.2,0
2011-04-28,0.466,14.8,0
2011-04-29,0.428,15,0
2011-04-30,0.408,15.1,0
2011-05-01,0.392,13.7,0
2011-05-02,0.376,13.3,0
2011-05-03,0.366,11.8,0
2011-05-04,0.843,10.3,0
2011-05-05,1.02,12.5,0
2011-05-06,0.705,13.3,0
2011-05-07,0.498,13.5,0
2011-05-08,0.614,13.3,0
2011-05-09,0.553,12.7,0
2011-05-10,2.29,11.3,0
2011-05-11,1.5,11.1,0
2011-05-12,2.62,11.4,0
2011-05-13,1.99,11.2,0
2011-05-14,1.08,11.7,0
2011-05-15,6.26,11,0
2011-05-16,6.56,10.8,0
2011-05-17,4.3,11.5,0
2011-05-18,1.62,11.4,0
2011-05-19,1.02,11.1,0
2011-05-20,2.09,11.2,0
2011-05-21,5.95,10.5,0
2011-05-22,3.92,10.9,0
2011-05-23,9.8,10.4,0
2011-05-24,2.88,11.4,0
2011-05-25,3.12,10.8,0
2011-05-26,5.35,10.5,0
2011-05-27,3.34,10.4,0
2011-05-28,2.93,11.2,0
2011-05-29,2.19,11.8,0
2011-05-30,1.56,11.5,0
2011-05-31,1.3,11.6,0
2011-06-01,4.96,12.8,0
2011-06-02,1.17,15.4,0
2011-06-03,0.708,16.5,0
2011-06-04,0.588,15.1,0
2011-06-05,0.532,13.1,0
2011-06-06,0.565,12,0
2011-06-07,1.52,13.6,0
2011-06-08,3.29,11.8,0
2011-06-09,1.4,11.3,0
2011-06-10,1.07,11.1,0
2011-06-11,0.955,11.5,0
2011-06-12,0.742,10.9,0
2011-06-13,0.613,14,0
2011-06-14,0.563,13.8,0
2011-06-15,1.42,13.9,0
2011-06-16,0.781,13.2,0
2011-06-17,0.624,14.2,0
2011-06-18,3.57,13.5,0
2011-06-19,1.2,12.8,0
2011-06-20,0.736,12.4,0
2011-06-21,4.28,12.7,0
2011-06-22,1.33,13.1,0
2011-06-23,1.18,13,0
2011-06-24,4.35,11.7,0
2011-06-25,3.49,13.6,0
2011-06-26,4.82,13.5,0
2011-06-27,1.21,13.7,0
2011-06-28,0.702,14.1,0
2011-06-29,0.612,14.4,0
2011-06-30,0.646,14.7,0
2011-07-01,0.568,16,0
2011-07-02,0.513,16.2,0
2011-07-03,0.832,15.6,0
2011-07-04,0.671,16.3,0
2011-07-05,1.42,15.7,0
2011-07-06,0.878,15.6,0
2011-07-07,2.94,14,0
2011-07-08,1.8,14.4,0
2011-07-09,0.768,14,0
2011-07-10,0.595,15.3,0
2011-07-11,0.528,15.1,0
2011-07-12,0.493,15.5,0
2011-07-13,0.468,17.3,0
2011-07-14,0.452,15.9,0
2011-07-15,0.469,15.4,0
2011-07-16,11.5,13.7,0
2011-07-17,7.61,12.3,0
2011-07-18,7.77,12.1,0
2011-07-19,2.19,13.2,0
2011-07-20,0.818,13.9,0
2011-07-21,0.595,14,0
2011-07-22,0.509,15.4,0
2011-07-23,0.467,15.4,0
2011-07-24,0.453,16.7,0
2011-07-25,0.467,16.4,0
2011-07-26,0.847,16.6,0
2011-07-27,0.531,15.6,0
2011-07-28,0.502,15.2,0
2011-07-29,0.449,15.7,0
2011-07-30,0.432,16,0
2011-07-31,0.801,15.7,0
2011-08-01,0.638,15.5,0
2011-08-02,0.478,15.1,0
2011-08-03,0.432,15.4,0
2011-08-04,0.483,15.8,0
2011-08-05,0.492,15.1,0
2011-08-06,0.925,15.2,0
2011-08-07,0.844,15.2,0
2011-08-08,0.567,15,0
2011-08-09,0.499,15,0
2011-08-10,15.6,14.6,0
2011-08-11,5.67,14.3,0
2011-08-12,5.49,14.5,0
2011-08-13,2.46,14.4,0
2011-08-14,0.902,14.3,0
2011-08-15,1.76,14,0
2011-08-16,1.7,14.5,0
2011-08-17,0.735,14.1,0
2011-08-18,0.616,14.6,0
2011-08-19,1.48,12.9,0
2011-08-20,0.862,14.2,0
2011-08-21,1.16,14.7,0
2011-08-22,0.639,14.8,0
2011-08-23,0.693,14.4,0
2011-08-24,1.11,14.1,0
2011-08-25,0.663,13.5,0
2011-08-26,0.742,13.6,0
2011-08-27,4.42,12.8,0
2011-08-28,1.62,13.1,0
2011-08-29,0.717,12.2,0
2011-08-30,0.566,13.2,0
2011-08-31,0.5,13.5,0
2011-09-01,0.845,13.6,0
2011-09-02,2.84,13.3,0
2011-09-03,4.87,13.1,0
2011-09-04,2.19,12.6,0
2011-09-05,16.7,12.4,0
2011-09-06,5.6,12.5,0
2011-09-07,3.98,12.2,0
2011-09-08,2.71,12.9,0
2011-09-09,2.07,14.6,0
2011-09-10,2.98,14,0
2011-09-11,20.6,12.7,0
2011-09-12,8.69,12.7,0
2011-09-13,1.57,12.3,0
2011-09-14,1,12.7,0
2011-09-15,0.851,13,0
2011-09-16,3.86,12.8,0
2011-09-17,6.25,12,0
2011-09-18,4.16,12.4,0
2011-09-19,4.86,12.6,0
2011-09-20,1.53,12,0
2011-09-21,1.71,11.9,0
2011-09-22,0.861,11.9,0
2011-09-23,2.41,12.7,0
2011-09-24,1.8,12.5,0
2011-09-25,2.84,12.2,0
2011-09-26,1.69,12,0
2011-09-27,2.1,13.3,0
2011-09-28,0.904,14.2,0
2011-09-29,1.11,14.7,0
2011-09-30,4.16,14.1,0
2011-10-01,0.979,12.7,0
2011-10-02,0.709,13.3,0
2011-10-03,0.658,12.8,0
2011-10-04,1.09,11.8,0
2011-10-05,17.9,12.8,0
2011-10-06,2.76,10.4,0
2011-10-07,2.35,10.9,0
2011-10-08,1.25,12.6,0
2011-10-09,9.62,13,0
2011-10-10,11.3,13.1,0
2011-10-11,11.9,13.2,0
2011-10-12,6.12,13.1,0
2011-10-13,1.44,12.8,0
2011-10-14,1.34,13.2,0
2011-10-15,1.68,12.4,0
2011-10-16,1.49,11.3,0
2011-10-17,17.5,10,0
2011-10-18,3.77,9.23,0
2011-10-19,2.04,9.18,0
2011-10-20,4.76,9.95,0
2011-10-21,4.71,11.4,0
2011-10-22,4.95,10.7,0
2011-10-23,6.47,10.3,0
2011-10-24,4.39,11,0
2011-10-25,1.15,9.87,0
2011-10-26,1.32,9.02,0
2011-10-27,1.82,9.54,0
2011-10-28,2.98,9.83,0
2011-10-29,2.93,11,0
2011-10-30,3.1,11.4,0
2011-10-31,7.79,11.4,0
2011-11-01,2.69,9.94,0
2011-11-02,4.3,11.2,0
2011-11-03,2.09,11.1,0
2011-11-04,1.44,9.84,0
2011-11-05,1.15,8.24,0
2011-11-06,0.745,8.68,0
2011-11-07,0.633,8.12,0
2011-11-08,0.577,8.69,0
2011-11-09,0.544,9.79,0
2011-11-10,0.514,9.22,0
2011-11-11,0.513,10.5,0
2011-11-12,0.753,9.3,0
2011-11-13,0.577,10.9,0
2011-11-14,0.515,11.5,0
2011-11-15,0.489,10.2,0
2011-11-16,0.477,9.77,0
2011-11-17,5,9.61,0
2011-11-18,8.41,10.8,0
2011-11-19,2.94,10.3,0
2011-11-20,0.924,10,0
2011-11-21,1.89,9.35,0
2011-11-22,0.773,8.18,0
2011-11-23,11.9,10.1,0
2011-11-24,6.99,9.89,0
2011-11-25,1.92,8.04,0
2011-11-26,18.4,10,0
2011-11-27,7.81,8.9,0
2011-11-28,8.25,8.96,0
2011-11-29,15.5,8.49,0
2011-11-30,8.69,7.86,0
2011-12-01,4.99,7.12,0
2011-12-02,5.89,7.24,0
2011-12-03,3.64,7.53,0
2011-12-04,3.36,6.24,0
2011-12-05,4.11,5.08,0
2011-12-06,5.62,5.64,0
2011-12-07,3.35,5.58,0
2011-12-08,11.8,6.63,0
2011-12-09,2.3,5.01,0
2011-12-10,6.18,5.7,0
2011-12-11,4.09,5.92,0
2011-12-12,5.55,5.44,0
2011-12-13,3.41,4.37,0
2011-12-14,1.87,4.21,0
2011-12-15,2.98,4.43,0
2011-12-16,3.23,4,0
2011-12-17,1.73,4.18,0
2011-12-18,1.64,4.3,0
2011-12-19,9.48,6.35,0
2011-12-20,7.64,6.62,0
2011-12-21,2.82,8.22,0
2011-12-22,5.85,8.89,0
2011-12-23,5.18,6.94,0
2011-12-24,5.59,7.35,0
2011-12-25,6.35,9.28,0
2011-12-26,9.95,9.76,0
2011-12-27,5.29,8.34,0
2011-12-28,2.8,6.77,0
2011-12-29,5.17,6.89,0
2011-12-30,3.56,8.25,0
2011-12-31,8.09,9.05,0
2012-01-01,3.35,6.77,0
2012-01-02,4.64,4.94,0
2012-01-03,7.48,6.1,0
2012-01-04,5.02,6.42,0
2012-01-05,2.33,6.98,0
2012-01-06,1.5,7.53,0
2012-01-07,1.18,7.12,0
2012-01-08,1.16,8.14,0
2012-01-09,4.84,7.8,0
2012-01-10,3.27,8.19,0
2012-01-11,3.2,8.74,0
2012-01-12,1.95,7.96,0
2012-01-13,0.988,7.36,0
2012-01-14,0.811,6.84,0
2012-01-15,0.671,5.85,0
2012-01-16,0.597,5.39,0
2012-01-17,2.67,7.42,0
2012-01-18,4.26,7.84,0
2012-01-19,1.45,6.42,0
2012-01-20,1.66,7.53,0
2012-01-21,2,7.38,0
2012-01-22,0.882,6.89,0
2012-01-23,1.14,6.59,0
2012-01-24,7.94,8.42,0
2012-01-25,6.82,7.92,0
2012-01-26,5.96,5.44,0
2012-01-27,2.98,5.49,0
2012-01-28,6.28,6.02,0
2012-01-29,8.16,7.6,0
2012-01-30,1.74,7.08,0
2012-01-31,1.12,6.09,0
2012-02-01,0.788,4.31,0
2012-02-02,0.645,2.96,0
2012-02-03,0.637,3.6,0
2012-02-04,5.81,6.51,0
2012-02-05,1.59,6.37,0
2012-02-06,2.08,7.71,0
2012-02-07,0.915,7.69,0
2012-02-08,6.22,7.47,0
2012-02-09,16,8.49,0
2012-02-10,2.37,8.42,0
2012-02-11,2.61,7.57,0
2012-02-12,1.25,6.81,0
2012-02-13,0.953,7.27,0
2012-02-14,0.776,7.06,0
2012-02-15,0.732,7.71,0
2012-02-16,2.15,8.05,0
2012-02-17,3.29,8.46,0
2012-02-18,7.72,6.81,0
2012-02-19,1.48,6.04,0
2012-02-20,12,7.43,0
2012-02-21,14.3,8.81,0
2012-02-22,13.2,9.58,0
2012-02-23,5.55,9.6,0
2012-02-24,3.5,8.76,0
2012-02-25,0.964,8.45,0
2012-02-26,2.56,8.75,0
2012-02-27,6.52,9.37,0
2012-02-28,2.17,9.51,0
2012-02-29,0.979,9,0
2012-03-01,0.756,9.12,0
2012-03-02,0.673,8.06,0
2012-03-03,0.911,7.89,0
2012-03-04,1.02,6.18,0
2012-03-05,0.913,6.45,0
2012-03-06,7.76,7.79,0
2012-03-07,3.56,7.47,0
2012-03-08,1.03,7.62,0
2012-03-09,1.67,9.82,0
2012-03-10,1.48,9.88,0
2012-03-11,0.933,9.78,0
2012-03-12,0.766,9.15,0
2012-03-13,0.653,8.91,0
2012-03-14,0.583,8.91,0
2012-03-15,0.902,9.58,0
2012-03-16,3.65,8.96,0
2012-03-17,1.96,6.7,0
2012-03-18,1.84,7.05,0
2012-03-19,1.08,8.37,0
2012-03-20,1.25,9.69,0
2012-03-21,0.702,9.3,0
2012-03-22,0.586,9.59,0
2012-03-23,0.531,9.94,0
2012-03-24,0.501,9.78,0
2012-03-25,0.477,11.3,0
2012-03-26,0.46,11.5,0
2012-03-27,0.446,11.8,0
2012-03-28,0.434,11,0
2012-03-29,0.426,10.1,0
2012-03-30,0.423,10,0
2012-03-31,0.424,10.7,0
2012-04-01,0.415,9.42,0
2012-04-02,0.411,9.96,0
2012-04-03,0.523,9.02,0
2012-04-04,0.436,6.85,0
2012-04-05,0.437,8.02,0
2012-04-06,0.548,8.57,0
2012-04-07,0.915,10.4,0
2012-04-08,1.31,9.59,0
2012-04-09,3.17,8.54,0
2012-04-10,2.4,8.42,0
2012-04-11,0.813,8.98,0
2012-04-12,1.47,9,0
2012-04-13,0.902,8.88,0
2012-04-14,0.59,8.76,0
2012-04-15,0.49,8.34,0
2012-04-16,3.84,8.49,0
2012-04-17,8.37,7.99,0
2012-04-18,2.42,8.56,0
2012-04-19,1.49,9.02,0
2012-04-20,0.953,9.01,0
2012-04-21,0.818,10.3,0
2012-04-22,0.655,9.94,0
2012-04-23,0.583,10.6,0
2012-04-24,0.538,10.3,0
2012-04-25,0.485,9.16,0
2012-04-26,0.45,8.31,0
2012-04-27,0.427,8.6,0
2012-04-28,0.405,10,0
2012-04-29,0.39,9.69,0
2012-04-30,0.385,10.5,0
2012-05-01,0.38,10.9,0
2012-05-02,0.375,12.1,0
2012-05-03,0.373,13.4,0
2012-05-04,0.382,10.8,0
2012-05-05,0.369,8.45,0
2012-05-06,0.361,10.1,0
2012-05-07,0.434,9.94,0
2012-05-08,0.42,11.4,0
2012-05-09,0.385,10.5,0
2012-05-10,0.607,9.18,0
2012-05-11,0.718,9.94,0
2012-05-12,0.462,11.2,0
2012-05-13,2.19,9.63,0
2012-05-14,1.48,9.7,0
2012-05-15,1.25,9.46,0
2012-05-16,0.703,9.43,0
2012-05-17,1.99,10.1,0
2012-05-18,1.1,10.3,0
2012-05-19,0.633,10.6,0
2012-05-20,0.506,12.3,0
2012-05-21,0.482,12.8,0
2012-05-22,0.52,14.3,0
2012-05-23,0.484,15.3,0
2012-05-24,0.434,17.5,0
2012-05-25,0.405,19.5,0
2012-05-26,0.376,19.4,0
2012-05-27,0.361,19.8,0
2012-05-28,0.349,19.7,0
2012-05-29,0.343,18.2,0
2012-05-30,0.341,17.6,0
2012-05-31,0.431,15.5,0
2012-06-01,0.491,16.5,0
2012-06-02,0.652,15.1,0
2012-06-03,3.22,12.7,0
2012-06-04,0.706,14.2,0
2012-06-05,0.559,12.8,0
2012-06-06,1.46,14.5,0
2012-06-07,8.04,12.7,0
2012-06-08,18.2,11.1,0
2012-06-09,3.87,13.2,0
2012-06-10,1.25,14.3,0
2012-06-11,0.586,14.4,0
2012-06-12,0.566,14.2,0
2012-06-13,0.487,14.1,0
2012-06-14,0.731,13.1,0
2012-06-15,2.26,11.8,0
2012-06-16,1.21,12.1,0
2012-06-17,0.734,12.6,0
2012-06-18,0.989,12.4,0
2012-06-19,0.824,13.5,0
2012-06-20,0.922,14.5,0
2012-06-21,2.19,12.6,0
2012-06-22,1.79,12.8,0
2012-06-23,3.52,12.4,0
2012-06-24,3.44,13.6,0
2012-06-25,2.51,14.4,0
2012-06-26,2.02,15.9,0
2012-06-27,1.9,15.9,0
2012-06-28,3.31,14.8,0
2012-06-29,3.98,13.5,0
2012-06-30,5.16,12.7,0
2012-07-01,3.67,12.6,0
2012-07-02,2.47,14.5,0
2012-07-03,1.74,14.9,0
2012-07-04,1.3,15,0
2012-07-05,0.798,16.4,0
2012-07-06,0.728,16.3,0
2012-07-07,0.589,15.9,0
2012-07-08,0.549,14.3,0
2012-07-09,0.917,13.1,0
2012-07-10,1.79,13.3,0
2012-07-11,1.02,13.3,0
2012-07-12,0.624,14,0
2012-07-13,0.509,15,0
2012-07-14,0.459,14,0
2012-07-15,0.433,14.4,0
2012-07-16,0.507,15,0
2012-07-17,5,14.8,0
2012-07-18,3.21,14.5,0
2012-07-19,0.914,13.9,0
2012-07-20,0.571,14.3,0
2012-07-21,0.472,14.5,0
2012-07-22,2.44,16,0
2012-07-23,5.94,14.7,0
2012-07-24,1.9,14.4,0
2012-07-25,1.13,15,0
2012-07-26,0.611,16.4,0
2012-07-27,0.526,15.5,0
2012-07-28,1.99,14.1,0
2012-07-29,1.09,13.7,0
2012-07-30,0.751,15.2,0
2012-07-31,12,13.9,0
2012-08-01,4.69,14,0
2012-08-02,1.07,13.8,0
2012-08-03,1.01,14.8,0
2012-08-04,0.931,15.7,0
2012-08-05,0.63,14.8,0
2012-08-06,0.677,15,0
2012-08-07,0.724,15.8,0
2012-08-08,0.524,17.5,0
2012-08-09,0.471,17.9,0
2012-08-10,0.443,19.2,0
2012-08-11,0.417,18.7,0
2012-08-12,1.73,18.2,0
2012-08-13,1.24,17.7,0
2012-08-14,0.902,18,0
2012-08-15,1.28,16.2,0
2012-08-16,1.25,15.9,0
2012-08-17,0.668,18,0
2012-08-18,0.536,17.4,0
2012-08-19,0.723,17.3,0
2012-08-20,1.13,16.3,0
2012-08-21,2.14,15.2,0
2012-08-22,2.97,14.7,0
2012-08-23,3.78,14.3,0
2012-08-24,1.47,14.6,0
2012-08-25,1.03,15,0
2012-08-26,0.682,14.2,0
2012-08-27,1.74,15.1,0
2012-08-28,5.23,14.1,0
2012-08-29,5.24,13.7,0
2012-08-30,1.05,13.6,0
2012-08-31,1.13,14.2,0
2012-09-01,4.43,14.7,0
2012-09-02,1.88,14.5,0
2012-09-03,3.02,15.2,0
2012-09-04,1.67,14.8,0
2012-09-05,0.7,14.6,0
2012-09-06,0.645,14,0
2012-09-07,1.18,15.8,0
2012-09-08,0.949,15.6,0
2012-09-09,2.63,14.1,0
2012-09-10,2.57,13.3,0
2012-09-11,3.06,12.1,0
2012-09-12,2.59,13.2,0
2012-09-13,1.06,13.6,0
2012-09-14,1.21,13.3,0
2012-09-15,0.587,13,0
2012-09-16,1.97,13.3,0
2012-09-17,1.5,12,0
2012-09-18,1.13,11.6,0
2012-09-19,0.666,11.7,0
2012-09-20,4.94,12.4,0
2012-09-21,2.78,11.9,0
2012-09-22,0.699,11,0
2012-09-23,3.42,11.7,0
2012-09-24,4.43,11.2,0
2012-09-25,7.24,10.7,0
2012-09-26,1.68,11.2,0
2012-09-27,2.22,11.4,0
2012-09-28,2.08,11.3,0
2012-09-29,4.41,11,0
2012-09-30,14.3,12.1,0
2012-10-01,1.91,11.3,0
2012-10-02,4.28,10.5,0
2012-10-03,5.81,10.5,0
2012-10-04,1.51,10.2,0
2012-10-05,0.932,10.2,0
2012-10-06,0.661,10,0
2012-10-07,0.559,9.5,0
2012-10-08,0.488,10.2,0
2012-10-09,0.44,9.19,0
2012-10-10,0.49,8.72,0
2012-10-11,5.55,10.4,0
2012-10-12,0.757,8.65,0
2012-10-13,0.583,8.32,0
2012-10-14,0.828,8.9,0
2012-10-15,0.831,8.36,0
2012-10-16,1.11,8.82,0
2012-10-17,2.18,8.76,0
2012-10-18,1.77,9.86,0
2012-10-19,0.964,9.81,0
2012-10-20,0.605,9.78,0
2012-10-21,0.51,10.7,0
2012-10-22,0.459,10.2,0
2012-10-23,0.433,10.6,0
2012-10-24,0.417,10.4,0
2012-10-25,0.398,10.3,0
2012-10-26,0.382,8.4,0
2012-10-27,0.38,7,0
2012-10-28,6.45,8.47,0
2012-10-29,1.88,8.62,0
2012-10-30,1.05,8.74,0
2012-10-31,5.67,8.3,0
2012-11-01,1.9,6.97,0
2012-11-02,1.93,7.02,0
2012-11-03,2.63,6.3,0
2012-11-04,1.95,7.23,0
2012-11-05,0.786,6.7,0
2012-11-06,0.673,7.92,0
2012-11-07,1.93,8.85,0
2012-11-08,1.94,8.74,0
2012-11-09,8.29,8.22,0
2012-11-10,3.85,7.37,0
2012-11-11,1.85,7.41,0
2012-11-12,8.92,8.94,0
2012-11-13,13.1,9.7,0
2012-11-14,2.02,8.91,0
2012-11-15,1.69,8.69,0
2012-11-16,2.64,8.38,0
2012-11-17,1.44,6.87,0
2012-11-18,13.6,6.27,0
2012-11-19,18.6,9.06,0
2012-11-20,5.31,8.45,0
2012-11-21,2.51,7.57,0
2012-11-22,5.82,7.58,0
2012-11-23,2.29,6.57,0
2012-11-24,1.05,5.8,0
2012-11-25,0.705,5.06,0
2012-11-26,0.942,5.67,0
2012-11-27,1.17,5.28,0
2012-11-28,0.7,4.56,0
2012-11-29,0.631,4.6,0
2012-11-30,1.37,5.65,0
2012-12-01,0.955,5.59,0
2012-12-02,7.25,6.13,0
2012-12-03,3.36,6.16,0
2012-12-04,2.5,5.46,0
2012-12-05,1.34,4.82,0
2012-12-06,8.22,5.51,0
2012-12-07,1.91,5.35,0
2012-12-08,1.05,5.92,0
2012-12-09,1.39,6.63,0
2012-12-10,0.755,4.57,0
2012-12-11,0.585,3.85,0
2012-12-12,0.669,4.69,0
2012-12-13,0.709,5,0
2012-12-14,0.726,5.78,0
2012-12-15,0.858,6.54,0
2012-12-16,3.1,6.59,0
2012-12-17,3.69,6.56,0
2012-12-18,1.02,5.87,0
2012-12-19,1.61,6.74,0
2012-12-20,0.821,6.62,0
2012-12-21,0.667,6.17,0
2012-12-22,12.2,8.39,0
2012-12-23,3.66,7.67,0
2012-12-24,1.13,6.99,0
2012-12-25,1.52,6.29,0
2012-12-26,3.46,6.06,0
2012-12-27,1.41,5.8,0
2012-12-28,6.3,8.2,0
2012-12-29,2.05,6.42,0
2012-12-30,11.1,6.02,0
2012-12-31,6.34,7.14,0
2013-01-01,1.89,5.76,0
2013-01-02,1.98,8.15,0
2013-01-03,2.33,8.95,0
2013-01-04,1.59,8.63,0
2013-01-05,7.5,8.49,0
2013-01-06,20.5,8.52,0
2013-01-07,23.2,9.15,0
2013-01-08,9.48,8.45,0
2013-01-09,2.44,6.48,0
2013-01-10,0.91,6.41,0
2013-01-11,0.816,6.23,0
2013-01-12,0.652,6.25,0
2013-01-13,0.715,5.21,0
2013-01-14,2.1,5.79,0
2013-01-15,1.59,4.7,0
2013-01-16,2.63,5.59,0
2013-01-17,3.32,6.47,0
2013-01-18,17.6,6.71,0
2013-01-19,1.98,5.74,0
2013-01-20,0.871,4.27,0
2013-01-21,0.661,4.24,0
2013-01-22,0.657,4.05,0
2013-01-23,0.716,4.11,0
2013-01-24,0.741,3.3,0
2013-01-25,9.12,5.48,0
2013-01-26,11.7,5.78,0
2013-01-27,5.77,5.23,0
2013-01-28,3.63,5.6,0
2013-01-29,3.87,6.62,0
2013-01-30,2.15,5.86,0
2013-01-31,4.11,5.82,0
2013-02-01,1.79,5.57,0
2013-02-02,1.32,5.12,0
2013-02-03,4.91,7.25,0
2013-02-04,1.78,5.86,0
2013-02-05,4.1,4.27,0
2013-02-06,1.78,4.78,0
2013-02-07,3.02,5.05,0
2013-02-08,1.12,5.99,0
2013-02-09,1.22,6.94,0
2013-02-10,3.45,6.83,0
2013-02-11,3.23,6.14,0
2013-02-12,1.77,6.02,0
2013-02-13,8.4,7.06,0
2013-02-14,1.85,6.69,0
2013-02-15,1.05,6.51,0
2013-02-16,1.27,7.63,0
2013-02-17,0.788,7.43,0
2013-02-18,0.627,6.47,0
2013-02-19,0.553,6.59,0
2013-02-20,0.513,5.42,0
2013-02-21,0.477,4.57,0
2013-02-22,0.447,3.2,0
2013-02-23,0.432,3.3,0
2013-02-24,0.417,2.71,0
2013-02-25,0.408,2.69,0
2013-02-26,0.4,3.09,0
2013-02-27,0.399,4.93,0
2013-02-28,0.391,5.85,0
2013-03-01,0.382,6.97,0
2013-03-02,0.373,7.35,0
2013-03-03,0.366,6.79,0
2013-03-04,0.362,5.36,0
2013-03-05,0.365,6.56,0
2013-03-06,0.378,6.99,0
2013-03-07,0.397,8.08,0
2013-03-08,0.525,8.6,0
2013-03-09,0.557,8.12,0
2013-03-10,0.463,5.65,0
2013-03-11,0.405,3.13,0
2013-03-12,0.385,3.18,0
2013-03-13,0.405,5.25,0
2013-03-14,0.943,5.59,0
2013-03-15,3.22,5.64,0
2013-03-16,1.01,4.88,0
2013-03-17,1.76,5.35,0
2013-03-18,1.28,5.85,0
2013-03-19,0.731,5.13,0
2013-03-20,0.591,5.35,0
2013-03-21,1.09,4.72,0
2013-03-22,3.11,5.45,0
2013-03-23,1.29,5.55,0
2013-03-24,0.678,4.51,0
2013-03-25,0.535,3.89,0
2013-03-26,0.47,4.15,0
2013-03-27,0.435,4.37,0
2013-03-28,0.411,3.14,0
2013-03-29,0.392,4.2,0
2013-03-30,0.377,4.44,0
2013-03-31,0.37,3.95,0
2013-04-01,0.363,5.41,0
2013-04-02,0.352,6.33,0
2013-04-03,0.346,6.47,0
2013-04-04,0.34,6.49,0
2013-04-05,0.336,5.54,0
2013-04-06,0.331,6.68,0
2013-04-07,0.329,6.3,0
2013-04-08,0.325,6.1,0
2013-04-09,0.327,7.1,0
2013-04-10,0.329,7.41,0
2013-04-11,0.392,7.77,0
2013-04-12,0.47,8.43,0
2013-04-13,0.604,7.35,0
2013-04-14,1.36,8.4,0
2013-04-15,1.18,9.07,0
2013-04-16,2.39,9.02,0
2013-04-17,11.3,8.32,0
2013-04-18,4.84,8.16,0
2013-04-19,1.4,8.41,0
2013-04-20,0.734,9.33,0
2013-04-21,6.17,8.69,0
2013-04-22,3.34,9.49,0
2013-04-23,1.14,9.47,0
2013-04-24,5.44,9.87,0
2013-04-25,1.18,9.75,0
2013-04-26,0.858,8.48,0
2013-04-27,0.719,8.79,0
2013-04-28,0.897,9.35,0
2013-04-29,0.779,9.31,0
2013-04-30,0.656,9.41,0
2013-05-01,0.599,11.7,0
2013-05-02,0.565,10.5,0
2013-05-03,12.9,9.63,0
2013-05-04,1.58,8.74,0
2013-05-05,9.15,10.6,0
2013-05-06,7.96,10.5,0
2013-05-07,2.28,10.6,0
2013-05-08,4.79,10.5,0
2013-05-09,3.71,9.54,0
2013-05-10,3.56,9.91,0
2013-05-11,3,9.85,0
2013-05-12,3.42,9.8,0
2013-05-13,3.87,8.89,0
2013-05-14,4.49,8.06,0
2013-05-15,1.58,9.31,0
2013-05-16,1.9,9.54,0
2013-05-17,3.84,10.4,0
2013-05-18,6.8,9.24,0
2013-05-19,7.18,10.8,0
2013-05-20,4.37,11,0
2013-05-21,3.13,11.9,0
2013-05-22,2.3,11.7,0
2013-05-23,1.76,10.9,0
2013-05-24,1.45,12.2,0
2013-05-25,1.32,11.6,0
2013-05-26,1.35,11.8,0
2013-05-27,2.16,10.7,0
2013-05-28,2.93,10.9,0
2013-05-29,2.21,13.1,0
2013-05-30,1.77,13.8,0
2013-05-31,1.47,13.7,0
2013-06-01,1.28,13.7,0
2013-06-02,1.17,13.7,0
2013-06-03,1.06,14.9,0
2013-06-04,0.988,17.3,0
2013-06-05,0.914,17,0
2013-06-06,0.86,16.8,0
2013-06-07,0.798,18,0
2013-06-08,0.779,18.1,0
2013-06-09,0.769,18.2,0
2013-06-10,0.833,14.7,0
2013-06-11,0.806,14.8,0
2013-06-12,0.825,15.4,0
2013-06-13,0.834,14.4,0
2013-06-14,2.57,12.2,0
2013-06-15,2.73,13.1,0
2013-06-16,1.81,13,0
2013-06-17,1.51,14.6,0
2013-06-18,1.29,15.7,0
2013-06-19,1.16,15.1,0
2013-06-20,1.06,14.5,0
2013-06-21,1.03,14.6,0
2013-06-22,1.36,13.2,0
2013-06-23,1.9,12.1,0
2013-06-24,1.46,13.4,0
2013-06-25,1.25,14.6,0
2013-06-26,1.12,15.7,0
2013-06-27,1.03,15.9,0
2013-06-28,1.1,14.7,0
2013-06-29,1.13,14.7,0
2013-06-30,1.91,13.8,0
2013-07-01,1.16,13.1,0
2013-07-02,4.9,12.5,0
2013-07-03,2.22,13.2,0
2013-07-04,8.78,13.2,0
2013-07-05,0.689,15.3,0
2013-07-06,0.429,14.9,0
2013-07-07,0.394,17.3,0
2013-07-08,0.327,20.4,0
2013-07-09,0.279,21.7,0
2013-07-10,0.251,21.5,0
2013-07-11,0.234,21.8,0
2013-07-12,0.223,21.7,0
2013-07-13,0.213,18.9,0
2013-07-14,0.206,18.8,0
2013-07-15,0.199,18.9,0
2013-07-16,0.194,19.2,0
2013-07-17,0.187,20,0
2013-07-18,0.183,20.9,0
2013-07-19,0.177,22,0
2013-07-20,0.17,22.5,0
2013-07-21,0.165,20.4,0
2013-07-22,0.163,18.9,0
2013-07-23,0.167,19,0
2013-07-24,1.35,16.7,0
2013-07-25,0.637,17,0
2013-07-26,0.364,17.1,0
2013-07-27,0.262,18.1,0
2013-07-28,0.226,19.8,0
2013-07-29,0.218,18.8,0
2013-07-30,1.44,15.9,0
2013-07-31,2.63,14.5,0
2013-08-01,1.68,15.9,0
2013-08-02,1.27,15.3,0
2013-08-03,1.16,14.5,0
2013-08-04,1.5,15.3,0
2013-08-05,0.539,15.3,0
2013-08-06,0.473,15.6,0
2013-08-07,1.24,15.8,0
2013-08-08,1.19,15.5,0
2013-08-09,1.16,15.1,0
2013-08-10,0.569,15.3,0
2013-08-11,0.562,14.7,0
2013-08-12,0.983,15.2,0
2013-08-13,1.14,14.7,0
2013-08-14,0.8,15.5,0
2013-08-15,8,15.3,0
2013-08-16,1.21,15.8,0
2013-08-17,5.07,15.5,0
2013-08-18,1.27,14.8,0
2013-08-19,0.598,15.5,0
2013-08-20,7.71,15.2,0
2013-08-21,3.78,15.5,0
2013-08-22,0.951,16,0
2013-08-23,1.7,15.7,0
2013-08-24,1.95,14.5,0
2013-08-25,1.41,14.8,0
2013-08-26,0.618,15.4,0
2013-08-27,0.609,16,0
2013-08-28,0.449,15.5,0
2013-08-29,0.627,16.5,0
2013-08-30,1.35,15.3,0
2013-08-31,0.674,13.9,0
2013-09-01,0.399,14,0
2013-09-02,0.444,16.7,0
2013-09-03,0.777,15.7,0
2013-09-04,1.21,14.7,0
2013-09-05,0.968,13.7,0
2013-09-06,0.48,12.4,0
2013-09-07,1.8,11.2,0
2013-09-08,1.76,12.1,0
2013-09-09,0.7,13.2,0
2013-09-10,0.54,13.2,0
2013-09-11,1.98,14.2,0
2013-09-12,2.7,14.1,0
2013-09-13,0.915,13,0
2013-09-14,0.465,13.2,0
2013-09-15,6.44,12.8,0
2013-09-16,1.81,11,0
2013-09-17,2.18,11.8,0
2013-09-18,1.14,11.9,0
2013-09-19,2.35,12.5,0
2013-09-20,0.665,12.9,0
2013-09-21,0.507,14.5,0
2013-09-22,0.818,15.8,0
2013-09-23,0.49,15.5,0
2013-09-24,0.376,15.5,0
2013-09-25,0.334,14.5,0
2013-09-26,0.33,14.2,0
2013-09-27,0.311,15.5,0
2013-09-28,0.283,16.4,0
2013-09-29,0.258,14.3,0
2013-09-30,0.249,14.1,0
2013-10-01,0.297,15.2,0
2013-10-02,0.36,16.1,0
2013-10-03,0.47,15.7,0
2013-10-04,0.478,14.5,0
2013-10-05,0.413,14.1,0
2013-10-06,1.38,15.4,0
2013-10-07,1.72,15.3,0
2013-10-08,1.12,13.8,0
2013-10-09,0.669,11.9,0
2013-10-10,0.427,10.4,0
2013-10-11,0.324,9.55,0
2013-10-12,0.282,9.38,0
2013-10-13,0.277,10.8,0
2013-10-14,0.262,10.2,0
2013-10-15,0.243,9.56,0
2013-10-16,1.72,10.7,0
2013-10-17,0.894,11.6,0
2013-10-18,0.618,12.3,0
2013-10-19,2.4,12.3,0
2013-10-20,1.48,11.8,0
2013-10-21,0.658,11.4,0
2013-10-22,1.52,12.3,0
2013-10-23,1.6,10.7,0
2013-10-24,0.678,9.98,0
2013-10-25,4.59,11.7,0
2013-10-26,2.72,10.8,0
2013-10-27,3.64,10.3,0
2013-10-28,2.93,9.91,0
2013-10-29,1.81,9.23,0
2013-10-30,1.55,9.66,0
2013-10-31,3.19,9.15,0
2013-11-01,1.62,8.77,0
2013-11-02,3.31,8.18,0
2013-11-03,1.86,8.02,0
2013-11-04,0.747,7.17,0
2013-11-05,2.57,7.7,0
2013-11-06,1.77,7.8,0
2013-11-07,1.72,7.38,0
2013-11-08,2.94,7.3,0
2013-11-09,2.26,6.86,0
2013-11-10,3.02,6.96,0
2013-11-11,4.5,9.24,0
2013-11-12,0.933,7.92,0
2013-11-13,2.03,8.12,0
2013-11-14,1.36,7.87,0
2013-11-15,0.621,8.6,0
2013-11-16,0.516,9.44,0
2013-11-17,0.63,8.91,0
2013-11-18,0.732,7.2,0
2013-11-19,0.826,5.58,0
2013-11-20,1.01,6.77,0
2013-11-21,0.86,5.97,0
2013-11-22,0.709,5.95,0
2013-11-23,0.504,6.54,0
2013-11-24,0.492,6.91,0
2013-11-25,0.544,7.32,0
2013-11-26,0.684,7.77,0
2013-11-27,0.479,8.15,0
2013-11-28,0.401,8.6,0
2013-11-29,0.399,8.12,0
2013-11-30,0.401,7.34,0
2013-12-01,0.442,7.98,0
2013-12-02,0.397,7.88,0
2013-12-03,1.44,8.72,0
2013-12-04,1.09,6.42,0
2013-12-05,0.824,7.13,0
2013-12-06,1.38,7.28,0
2013-12-07,0.905,7.73,0
2013-12-08,3.3,9.47,0
2013-12-09,1.43,9.32,0
2013-12-10,0.823,9.38,0
2013-12-11,0.859,9.51,0
2013-12-12,3.77,10.5,0
2013-12-13,3.41,8.97,0
2013-12-14,11.7,8.46,0
2013-12-15,4.09,7.54,0
2013-12-16,1.92,6.72,0
2013-12-17,1.11,6.54,0
2013-12-18,3.18,7.48,0
2013-12-19,2.11,5.3,0
2013-12-20,7.81,6.75,0
2013-12-21,3.54,6.55,0
2013-12-22,2.34,4.99,0
2013-12-23,5.03,5.89,0
2013-12-24,4.2,4.83,0
2013-12-25,1.38,5.18,0
2013-12-26,3.08,5.06,0
2013-12-27,4.98,5.97,0
2013-12-28,1.97,5.22,0
2013-12-29,3.45,5.29,0
2013-12-30,1.93,5.96,0
2013-12-31,4.27,5.4,0
2014-01-01,1.74,5.62,0
2014-01-02,1.53,5.7,0
2014-01-03,7.34,5.99,0
2014-01-04,3.5,5.08,0
2014-01-05,2.67,5.62,0
2014-01-06,3.53,6.27,0
2014-01-07,3.83,6.58,0
2014-01-08,1.49,5.77,0
2014-01-09,0.912,4.77,0
2014-01-10,2.8,5.73,0
2014-01-11,2.31,4.49,0
2014-01-12,4.14,5.88,0
2014-01-13,3.17,4.98,0
2014-01-14,5.89,5.1,0
2014-01-15,10.5,6.98,0
2014-01-16,1.56,6.01,0
2014-01-17,1.2,5.65,0
2014-01-18,1.8,4.93,0
2014-01-19,2.28,4.59,0
2014-01-20,2.45,5.04,0
2014-01-21,1.4,6.01,0
2014-01-22,2.19,6.12,0
2014-01-23,3.01,5.64,0
2014-01-24,15.9,7.47,0
2014-01-25,2.87,6.45,0
2014-01-26,6.39,6.13,0
2014-01-27,4.17,5.95,0
2014-01-28,3.76,6.26,0
2014-01-29,1.39,5.65,0
2014-01-30,1.04,5.82,0
2014-01-31,4.34,5.35,0
2014-02-01,4.62,5.16,0
2014-02-02,1.93,5.64,0
2014-02-03,3.61,6.04,0
2014-02-04,1.25,5.22,0
2014-02-05,1.62,5.99,0
2014-02-06,2.05,5.93,0
2014-02-07,1.04,4.92,0
2014-02-08,3.46,5.52,0
2014-02-09,3.65,5.67,0
2014-02-10,4.39,5.28,0
2014-02-11,1.98,4.01,0
2014-02-12,5.52,3.31,0
2014-02-13,4.52,3.86,0
2014-02-14,3.2,3.7,0
2014-02-15,7.13,3.88,0
2014-02-16,1.66,4.27,0
2014-02-17,1.92,5.5,0
2014-02-18,0.972,5.85,0
2014-02-19,7.42,6.66,0
2014-02-20,13.1,6.19,0
2014-02-21,4.43,5.48,0
2014-02-22,1.79,6.16,0
2014-02-23,6.23,6.99,0
2014-02-24,1.22,6.06,0
2014-02-25,3.51,5.83,0
2014-02-26,2.78,6.14,0
2014-02-27,2.41,5.99,0
2014-02-28,1.03,5.76,0
2014-03-01,3.66,5.99,0
2014-03-02,3.83,5.93,0
2014-03-03,1.22,5.78,0
2014-03-04,1.04,6.14,0
2014-03-05,2.1,7.06,0
2014-03-06,4.24,7.7,0
2014-03-07,1.37,6.89,0
2014-03-08,1.06,7.28,0
2014-03-09,1.77,7.11,0
2014-03-10,0.824,6.82,0
2014-03-11,0.528,6.4,0
2014-03-12,0.42,6,0
2014-03-13,0.376,7.88,0
2014-03-14,0.346,8.21,0
2014-03-15,0.317,8.84,0
2014-03-16,0.352,8.98,0
2014-03-17,0.4,8.71,0
2014-03-18,1.19,8.71,0
2014-03-19,0.552,8.74,0
2014-03-20,7.67,8.05,0
2014-03-21,5.64,5.87,0
2014-03-22,3.32,5.81,0
2014-03-23,2.42,6.54,0
2014-03-24,1.04,6.57,0
2014-03-25,1.37,7.28,0
2014-03-26,0.568,7.42,0
2014-03-27,0.425,7.68,0
2014-03-28,0.36,6.6,0
2014-03-29,0.396,7.22,0
2014-03-30,1.66,8.22,0
2014-03-31,0.967,9.22,0
2014-04-01,0.596,9.09,0
2014-04-02,0.852,9.23,0
2014-04-03,0.779,9.5,0
2014-04-04,0.485,9.79,0
2014-04-05,0.755,10.5,0
2014-04-06,5.88,10.1,0
2014-04-07,1.18,9.1,0
2014-04-08,0.965,8.22,0
2014-04-09,0.587,9.72,0
2014-04-10,0.827,10.1,0
2014-04-11,0.513,9.1,0
2014-04-12,0.53,9.68,0
2014-04-13,0.411,10.2,0
2014-04-14,0.339,10.3,0
2014-04-15,0.303,10.6,0
2014-04-16,0.285,9.66,0
2014-04-17,0.334,9.85,0
2014-04-18,0.33,11.3,0
2014-04-19,0.288,11.7,0
2014-04-20,0.264,12.1,0
2014-04-21,0.246,12,0
2014-04-22,0.235,12.2,0
2014-04-23,0.293,12.3,0
2014-04-24,0.484,12.7,0
2014-04-25,0.299,11.3,0
2014-04-26,0.831,11.2,0
2014-04-27,0.453,12.4,0
2014-04-28,0.297,12.6,0
2014-04-29,0.252,14.1,0
2014-04-30,0.254,12.9,0
2014-05-01,0.403,13.1,0
2014-05-02,0.388,12.5,0
2014-05-03,0.655,12.9,0
2014-05-04,1.67,12.3,0
2014-05-05,1.59,11,0
2014-05-06,3.59,10.6,0
2014-05-07,2.98,10.4,0
2014-05-08,1.43,11,0
2014-05-09,1.72,10.2,0
2014-05-10,2.67,11.2,0
2014-05-11,4.02,10.5,0
2014-05-12,1.16,10.6,0
2014-05-13,0.877,11.8,0
2014-05-14,0.815,12.2,0
2014-05-15,0.534,14,0
2014-05-16,0.385,13.7,0
2014-05-17,7.95,12.1,0
2014-05-18,10.1,11.3,0
2014-05-19,1.22,10.4,0
2014-05-20,1.33,11.6,0
2014-05-21,1.43,11.8,0
2014-05-22,2.35,10.6,0
2014-05-23,3.81,10.6,0
2014-05-24,0.706,11.1,0
2014-05-25,0.457,12,0
2014-05-26,0.755,13,0
2014-05-27,0.536,14.3,0
2014-05-28,0.359,14.5,0
2014-05-29,0.3,15,0
2014-05-30,0.269,14.1,0
2014-05-31,0.253,13.8,0
2014-06-01,0.664,14,0
2014-06-02,1.55,13,0
2014-06-03,0.804,13.1,0
2014-06-04,0.468,12.7,0
2014-06-05,0.349,12,0
2014-06-06,0.306,12.4,0
2014-06-07,0.368,15,0
2014-06-08,0.709,15.2,0
2014-06-09,1.24,14.7,0
2014-06-10,1.77,14,0
2014-06-11,0.71,14.6,0
2014-06-12,0.524,14.5,0
2014-06-13,1.49,15.1,0
2014-06-14,0.652,15.7,0
2014-06-15,0.383,15.9,0
2014-06-16,0.3,16.9,0
2014-06-17,0.261,18.1,0
2014-06-18,0.237,18.6,0
2014-06-19,0.219,16.6,0
2014-06-20,0.208,15.8,0
2014-06-21,0.199,15.4,0
2014-06-22,0.192,15.5,0
2014-06-23,0.184,15.7,0
2014-06-24,0.177,16.4,0
2014-06-25,0.211,15.8,0
2014-06-26,0.281,15.2,0
2014-06-27,0.536,14.8,0
2014-06-28,0.52,15.5,0
2014-06-29,0.255,14.9,0
2014-06-30,0.207,16,0
2014-07-01,0.185,17.1,0
2014-07-02,0.31,16,0
2014-07-03,0.75,15,0
2014-07-04,5.8,14.7,0
2014-07-05,0.845,14.6,0
2014-07-06,0.692,14.4,0
2014-07-07,0.809,14.7,0
2014-07-08,0.877,15.1,0
2014-07-09,0.547,14.3,0
2014-07-10,1.2,15.2,0
2014-07-11,0.654,15.6,0
2014-07-12,1.5,15.7,0
2014-07-13,0.971,15,0
2014-07-14,7.69,14.9,0
2014-07-15,4.39,14.9,0
2014-07-16,6.32,15,0
2014-07-17,0.875,15.1,0
2014-07-18,0.668,15.8,0
2014-07-19,0.544,16.6,0
2014-07-20,0.389,16.5,0
2014-07-21,0.354,16.8,0
2014-07-22,0.637,17.5,0
2014-07-23,0.572,18.3,0
2014-07-24,0.381,18.8,0
2014-07-25,0.322,19.6,0
2014-07-26,0.285,19,0
2014-07-27,0.27,17.2,0
2014-07-28,0.248,16.3,0
2014-07-29,0.283,16,0
2014-07-30,0.276,15.4,0
2014-07-31,0.293,16,0
2014-08-01,0.305,16.6,0
2014-08-02,0.256,14.9,0
2014-08-03,0.861,14.6,0
2014-08-04,0.466,15,0
2014-08-05,0.303,16.7,0
2014-08-06,0.344,16.4,0
2014-08-07,0.303,15.8,0
2014-08-08,0.291,16.1,0
2014-08-09,0.366,15.9,0
2014-08-10,2.07,14.4,0
2014-08-11,0.864,14.5,0
2014-08-12,0.744,14.5,0
2014-08-13,0.881,15,0
2014-08-14,2.87,15,0
2014-08-15,0.591,14.6,0
2014-08-16,0.454,13.9,0
2014-08-17,0.773,14.4,0
2014-08-18,0.463,14.4,0
2014-08-19,0.381,14.1,0
2014-08-20,0.319,13.8,0
2014-08-21,0.604,14.2,0
2014-08-22,0.465,14.3,0
2014-08-23,0.318,13.6,0
2014-08-24,0.274,12.8,0
2014-08-25,2.02,14.1,0
2014-08-26,0.965,14.5,0
2014-08-27,0.467,13.8,0
2014-08-28,10.8,13.5,0
2014-08-29,4.11,13.7,0
2014-08-30,3.69,13.8,0
2014-08-31,4.37,13.8,0
2014-09-01,1.34,13.8,0
2014-09-02,0.574,13.7,0
2014-09-03,0.408,14.2,0
2014-09-04,0.338,14.3,0
2014-09-05,0.308,14.3,0
2014-09-06,0.282,12.8,0
2014-09-07,0.26,12.6,0
2014-09-08,0.246,12.2,0
2014-09-09,0.237,13.3,0
2014-09-10,0.231,13.9,0
2014-09-11,0.225,14.1,0
2014-09-12,0.221,14.7,0
2014-09-13,0.217,15.8,0
2014-09-14,0.213,15.1,0
2014-09-15,0.211,14.4,0
2014-09-16,0.209,13.8,0
2014-09-17,0.207,13.9,0
2014-09-18,0.205,15,0
2014-09-19,0.203,14.1,0
2014-09-20,0.201,13.9,0
2014-09-21,0.196,13.3,0
2014-09-22,0.197,12.9,0
2014-09-23,0.221,12.8,0
2014-09-24,0.24,13.6,0
2014-09-25,0.349,14.3,0
2014-09-26,0.475,13.9,0
2014-09-27,0.303,13.2,0
2014-09-28,0.284,14.6,0
2014-09-29,0.253,14.3,0
2014-09-30,0.342,14.3,0
2014-10-01,1.11,13.5,0
2014-10-02,0.372,12,0
2014-10-03,2.45,12.6,0
2014-10-04,0.638,11.2,0
2014-10-05,1.43,11.1,0
2014-10-06,2.11,10.7,0
2014-10-07,0.721,9.91,0
2014-10-08,0.474,10.7,0
2014-10-09,0.676,10.9,0
2014-10-10,0.586,10.3,0
2014-10-11,0.544,10,0
2014-10-12,0.48,10.2,0
2014-10-13,0.366,9.98,0
2014-10-14,0.316,9.83,0
2014-10-15,0.91,10.5,0
2014-10-16,0.885,11.4,0
2014-10-17,1.06,11.8,0
2014-10-18,1.27,12.1,0
2014-10-19,5.8,11.8,0
2014-10-20,9.59,11.5,0
2014-10-21,4.99,10.3,0
2014-10-22,1.15,10.6,0
2014-10-23,9.98,11.4,0
2014-10-24,2.54,10.1,0
2014-10-25,1.54,10.3,0
2014-10-26,4.61,10.9,0
2014-10-27,6.3,12.2,0
2014-10-28,9.57,11.1,0
2014-10-29,1.06,9.28,0
2014-10-30,2.54,11.3,0
2014-10-31,8.74,11.9,0
2014-11-01,2.66,10.6,0
2014-11-02,4.96,9.67,0
2014-11-03,5.6,8.81,0
2014-11-04,2.62,8.89,0
2014-11-05,1.13,8.57,0
2014-11-06,20.1,9.98,0
2014-11-07,2.55,9.25,0
2014-11-08,2.17,8.55,0
2014-11-09,1.7,9,0
2014-11-10,2.25,8.5,0
2014-11-11,1.44,8.81,0
2014-11-12,0.85,7.84,0
2014-11-13,2.58,8.08,0
2014-11-14,3.27,7.96,0
2014-11-15,0.982,8.66,0
2014-11-16,0.659,8.48,0
2014-11-17,0.525,8.38,0
2014-11-18,0.453,8.91,0
2014-11-19,0.403,8.52,0
2014-11-20,0.369,7.07,0
2014-11-21,0.718,8.11,0
2014-11-22,1.32,8.38,0
2014-11-23,0.863,6.76,0
2014-11-24,1.12,6.98,0
2014-11-25,0.811,6.1,0
2014-11-26,0.629,6.95,0
2014-11-27,0.493,6.96,0
2014-11-28,0.419,7.56,0
2014-11-29,0.379,8.1,0
2014-11-30,0.367,8.37,0
2014-12-01,1.29,8.32,0
2014-12-02,0.792,6.17,0
2014-12-03,0.62,6.62,0
2014-12-04,1.57,7.35,0
2014-12-05,1.78,6.17,0
2014-12-06,2.19,7.61,0
2014-12-07,4.74,6.16,0
2014-12-08,2.28,5.5,0
2014-12-09,8.97,7.39,0
2014-12-10,2.43,5.67,0
2014-12-11,5.2,5.23,0
2014-12-12,2.91,5.08,0
2014-12-13,1.57,5.18,0
2014-12-14,3.17,6.5,0
2014-12-15,2.11,6.02,0
2014-12-16,6.73,6.75,0
2014-12-17,10.5,8.55,0
2014-12-18,8.58,8.72,0
2014-12-19,2.04,6.58,0
2014-12-20,1.38,6.73,0
2014-12-21,8.19,8.72,0
2014-12-22,17.2,9.49,0
2014-12-23,13.3,8.9,0
2014-12-24,1.73,6.71,0
2014-12-25,1.06,5.99,0
2014-12-26,2.18,5.37,0
2014-12-27,2.31,5.28,0
2014-12-28,1.11,4.57,0
2014-12-29,0.725,4.47,0
2014-12-30,0.852,6.46,0
2014-12-31,3.08,7.71,0
2015-01-01,19,8.87,0
2015-01-02,2.18,6.47,0
2015-01-03,1.5,6.19,0
2015-01-04,0.947,5.86,0
2015-01-05,1.54,7.8,0
2015-01-06,5.82,6.38,0
2015-01-07,27.1,8.01,0
2015-01-08,3.65,6.56,0
2015-01-09,12.2,8.25,0
2015-01-10,9.79,6.91,0
2015-01-11,1.73,6.01,0
2015-01-12,7.55,6.4,0
2015-01-13,2.21,3.94,0
2015-01-14,8.87,3.79,0
2015-01-15,4.96,4.65,0
2015-01-16,2.24,4.1,0
2015-01-17,1.54,3.85,0
2015-01-18,1.61,3.88,0
2015-01-19,0.961,3.6,0
2015-01-20,2.32,3.99,0
2015-01-21,5.39,4.24,0
2015-01-22,1.64,4.62,0
2015-01-23,4.96,6.26,0
2015-01-24,1.4,5.2,0
2015-01-25,6.19,7.32,0
2015-01-26,2.17,6.18,0
2015-01-27,1.77,6.73,0
2015-01-28,4.07,5.2,0
2015-01-29,2.15,3.46,0
2015-01-30,3.01,4.29,0
2015-01-31,1.61,3.51,0
2015-02-01,1.04,3.63,0
2015-02-02,0.714,4.17,0
2015-02-03,1.95,3.94,0
2015-02-04,0.845,3.6,0
2015-02-05,0.67,4.38,0
2015-02-06,0.793,5.59,0
2015-02-07,0.65,6.27,0
2015-02-08,0.549,6.29,0
2015-02-09,0.437,6.12,0
2015-02-10,0.39,6.46,0
2015-02-11,0.351,5.94,0
2015-02-12,0.329,6.09,0
2015-02-13,0.381,6.57,0
2015-02-14,0.357,6.37,0
2015-02-15,4.28,6.31,0
2015-02-16,2.73,5.27,0
2015-02-17,1.56,5.8,0
2015-02-18,6.1,8.24,0
2015-02-19,2.28,6.75,0
2015-02-20,1.4,5.5,0
2015-02-21,1.66,4.71,0
2015-02-22,4.58,5.6,0
2015-02-23,2.69,4.44,0
2015-02-24,3.89,4.85,0
2015-02-25,4.35,7.24,0
2015-02-26,6.09,6.2,0
2015-02-27,1.94,5.16,0
2015-02-28,5.71,6.67,0
2015-03-01,2.05,5.51,0
2015-03-02,1.43,3.71,0
2015-03-03,1.87,3.11,0
2015-03-04,2.89,4.69,0
2015-03-05,3,6.79,0
2015-03-06,2.05,7.56,0
2015-03-07,22.7,8.68,0
2015-03-08,2.78,7.26,0
2015-03-09,1.63,6.52,0
2015-03-10,0.854,6.68,0
2015-03-11,1.78,6.72,0
2015-03-12,4.36,6.41,0
2015-03-13,0.927,6.08,0
2015-03-14,0.557,5.75,0
2015-03-15,0.436,5.83,0
2015-03-16,0.377,6.42,0
2015-03-17,0.341,7.64,0
2015-03-18,0.313,7.57,0
2015-03-19,0.292,7.54,0
2015-03-20,0.325,8.93,0
2015-03-21,0.306,9.17,0
2015-03-22,0.286,7.86,0
2015-03-23,0.421,8.61,0
2015-03-24,0.888,7.29,0
2015-03-25,2.16,5.92,0
2015-03-26,3.7,7.28,0
2015-03-27,0.699,7.76,0
2015-03-28,14.2,8.52,0
2015-03-29,4.25,7.02,0
2015-03-30,3.61,6.88,0
2015-03-31,1.74,6.76,0
2015-04-01,2.32,6.98,0
2015-04-02,12.8,8.27,0
2015-04-03,8.91,8.23,0
2015-04-04,0.936,9.54,0
2015-04-05,0.613,10.5,0
2015-04-06,0.458,9.83,0
2015-04-07,0.383,10.5,0
2015-04-08,0.343,10.8,0
2015-04-09,0.315,11.1,0
2015-04-10,0.385,10.6,0
2015-04-11,0.866,8.53,0
2015-04-12,3.14,8.06,0
2015-04-13,0.988,8.32,0
2015-04-14,0.776,9.96,0
2015-04-15,3.47,10.1,0
2015-04-16,0.733,9.79,0
2015-04-17,0.472,10.5,0
2015-04-18,0.381,11.5,0
2015-04-19,0.337,11.6,0
2015-04-20,0.313,12.3,0
2015-04-21,0.295,12.4,0
2015-04-22,0.284,12.8,0
2015-04-23,0.275,13.1,0
2015-04-24,0.28,11.4,0
2015-04-25,1.36,10.7,0
2015-04-26,0.464,9.35,0
2015-04-27,0.385,8.7,0
2015-04-28,3.35,7.25,0
2015-04-29,3.14,7.28,0
2015-04-30,1.1,9.23,0
2015-05-01,0.509,9.59,0
2015-05-02,0.76,8.54,0
2015-05-03,1.9,11.1,0
2015-05-04,1.08,10.3,0
2015-05-05,3.28,9.13,0
2015-05-06,6.25,9.25,0
2015-05-07,1.03,9.79,0
2015-05-08,0.581,8.57,0
2015-05-09,0.454,10.3,0
2015-05-10,6.88,10.5,0
2015-05-11,1.06,10.9,0
2015-05-12,1.37,10,0
2015-05-13,0.786,10.9,0
2015-05-14,0.469,12,0
2015-05-15,1.38,11.8,0
2015-05-16,0.85,11,0
2015-05-17,0.669,10.2,0
2015-05-18,3.2,9.48,0
2015-05-19,1.52,9.53,0
2015-05-20,0.928,10.5,0
2015-05-21,0.889,11,0
2015-05-22,2.01,11.8,0
2015-05-23,1.09,11.4,0
2015-05-24,1.47,12.2,0
2015-05-25,0.75,11.9,0
2015-05-26,0.676,12.6,0
2015-05-27,1.83,10.9,0
2015-05-28,1.5,10.3,0
2015-05-29,2.99,10.6,0
2015-05-30,2.83,9.99,0
2015-05-31,2.62,10,0
2015-06-01,10.3,8.69,0
2015-06-02,1.28,10.2,0
2015-06-03,0.645,12.6,0
2015-06-04,0.78,11.7,0
2015-06-05,1.13,11.6,0
2015-06-06,0.721,11.1,0
2015-06-07,0.507,12.3,0
2015-06-08,0.395,12.7,0
2015-06-09,0.343,13.9,0
2015-06-10,0.313,14.4,0
2015-06-11,0.292,15.6,0
2015-06-12,0.281,13.3,0
2015-06-13,0.273,12.2,0
2015-06-14,0.261,13.1,0
2015-06-15,0.26,14.4,0
2015-06-16,0.286,13.9,0
2015-06-17,0.715,13.6,0
2015-06-18,0.401,14.7,0
2015-06-19,0.314,13.6,0
2015-06-20,0.381,15.4,0
2015-06-21,0.447,13.5,0
2015-06-22,0.404,13.6,0
2015-06-23,0.327,14.8,0
2015-06-24,0.351,16.1,0
2015-06-25,0.381,15.6,0
2015-06-26,1.03,15.9,0
2015-06-27,0.737,14.6,0
2015-06-28,1.98,13.8,0
2015-06-29,0.887,14.2,0
2015-06-30,1.2,15.8,0
2015-07-01,0.655,15.6,0
2015-07-02,0.96,16.6,0
2015-07-03,0.462,16.9,0
2015-07-04,0.384,16,0
2015-07-05,0.338,16.3,0
2015-07-06,0.412,15.8,0
2015-07-07,6.02,14.2,0
2015-07-08,2.34,13.5,0
2015-07-09,2.77,13.7,0
2015-07-10,6.19,13.8,0
2015-07-11,11,13.3,0
2015-07-12,2.62,13.8,0
2015-07-13,3.05,14.2,0
2015-07-14,0.839,14.6,0
2015-07-15,0.516,14.6,0
2015-07-16,0.497,13.3,0
2015-07-17,1.74,13.1,0
2015-07-18,5.47,12.9,0
2015-07-19,2.91,12.7,0
2015-07-20,2.97,13.4,0
2015-07-21,3.13,13.5,0
2015-07-22,0.819,14.1,0
2015-07-23,0.541,13.6,0
2015-07-24,0.492,13.3,0
2015-07-25,0.459,13.1,0
2015-07-26,11.5,13,0
2015-07-27,3.55,13.2,0
2015-07-28,2.52,12.8,0
2015-07-29,1.28,13.6,0
2015-07-30,0.659,13.5,0
2015-07-31,10.3,12.8,0
2015-08-01,1.23,12.9,0
2015-08-02,5.84,13,0
2015-08-03,5.47,13.3,0
2015-08-04,6.99,12.4,0
2015-08-05,3.07,12.8,0
2015-08-06,1.13,13.6,0
2015-08-07,0.599,13.1,0
2015-08-08,1.2,13.1,0
2015-08-09,2.14,14,0
2015-08-10,9.44,13.2,0
2015-08-11,1.61,13.1,0
2015-08-12,0.693,13.2,0
2015-08-13,0.493,14.5,0
2015-08-14,0.455,14.3,0
2015-08-15,0.858,13.4,0
2015-08-16,0.5,14.2,0
2015-08-17,0.394,14.9,0
2015-08-18,0.354,15.9,0
2015-08-19,1.29,15.3,0
2015-08-20,1.82,14.7,0
2015-08-21,1.32,14.9,0
2015-08-22,0.635,15.6,0
2015-08-23,4.08,14,0
2015-08-24,3.19,12.8,0
2015-08-25,3.35,12.1,0
2015-08-26,2.11,13.2,0
2015-08-27,5.71,12.9,0
2015-08-28,2.61,13.2,0
2015-08-29,1.33,13.5,0
2015-08-30,0.718,13.6,0
2015-08-31,0.635,13.8,0
2015-09-01,0.512,13.4,0
2015-09-02,0.424,12.7,0
2015-09-03,0.376,12.5,0
2015-09-04,0.376,13.3,0
2015-09-05,0.402,13.4,0
2015-09-06,0.33,12.8,0
2015-09-07,0.32,13,0
2015-09-08,0.303,13.8,0
2015-09-09,0.285,13.8,0
2015-09-10,0.325,13.9,0
2015-09-11,30.6,13.1,0
2015-09-12,3.48,12.3,0
2015-09-13,2.37,12.2,0
2015-09-14,5.42,12.3,0
2015-09-15,1.04,12.6,0
2015-09-16,0.606,11.8,0
2015-09-17,0.728,12.8,0
2015-09-18,0.9,13.1,0
2015-09-19,0.581,13.1,0
2015-09-20,3.54,12.8,0
2015-09-21,1.89,12.5,0
2015-09-22,1.85,11.9,0
2015-09-23,1.71,12.2,0
2015-09-24,1.72,11.1,0
2015-09-25,0.965,11.3,0
2015-09-26,0.613,12.3,0
2015-09-27,0.478,12.4,0
2015-09-28,0.407,12.3,0
2015-09-29,0.36,12.6,0
2015-09-30,0.332,12.2,0
2015-10-01,0.314,12.3,0
2015-10-02,0.298,11.5,0
2015-10-03,0.288,11.3,0
2015-10-04,0.28,10.8,0
2015-10-05,0.388,11.4,0
2015-10-06,3.29,12.3,0
2015-10-07,0.924,11.4,0
2015-10-08,0.525,11.2,0
2015-10-09,0.491,12,0
2015-10-10,0.9,12,0
2015-10-11,0.55,11.8,0
2015-10-12,0.483,11,0
2015-10-13,0.381,9.83,0
2015-10-14,0.338,9.42,0
2015-10-15,0.314,10.2,0
2015-10-16,0.296,9.52,0
2015-10-17,0.285,9.61,0
2015-10-18,0.276,9.84,0
2015-10-19,0.27,10.1,0
2015-10-20,1.84,10.5,0
2015-10-21,4.06,11.6,0
2015-10-22,1.43,10.4,0
2015-10-23,7.99,10.6,0
2015-10-24,2.73,9.81,0
2015-10-25,1.36,9.74,0
2015-10-26,1.42,10.5,0
2015-10-27,1.79,10.8,0
2015-10-28,1.11,10.3,0
2015-10-29,1.84,9.89,0
2015-10-30,1.31,10.3,0
2015-10-31,0.965,11,0
2015-11-01,0.597,9.68,0
2015-11-02,0.484,10.6,0
2015-11-03,0.43,9.81,0
2015-11-04,0.394,9.15,0
2015-11-05,1.2,10.1,0
2015-11-06,1.65,10.4,0
2015-11-07,1.83,10,0
2015-11-08,2.24,9.61,0
2015-11-09,6.19,10.8,0
2015-11-10,5.01,12,0
2015-11-11,1.97,10.5,0
2015-11-12,2.36,9.33,0
2015-11-13,2.81,7.42,0
2015-11-14,1.93,8.74,0
2015-11-15,0.665,11.6,0
2015-11-16,3.2,8.76,0
2015-11-17,4.93,8.31,0
2015-11-18,4.8,9.11,0
2015-11-19,4.57,8.31,0
2015-11-20,1.76,6.98,0
2015-11-21,1.66,6.36,0
2015-11-22,1.23,7.08,0
2015-11-23,2.61,7.99,0
2015-11-24,5.32,8.25,0
2015-11-25,5.2,8.9,0
2015-11-26,7.15,9.71,0
2015-11-27,3.57,8.57,0
2015-11-28,3.85,7.02,0
2015-11-29,3.22,7.36,0
2015-11-30,2.48,6.88,0
2015-12-01,1.37,9.08,0
2015-12-02,1.25,9.21,0
2015-12-03,0.682,7.29,0
2015-12-04,26.4,8.39,0
2015-12-05,87.9,10.2,0
2015-12-06,9.43,8.38,0
2015-12-07,1.84,9.07,0
2015-12-08,4.69,7.91,0
2015-12-09,8.75,8.52,0
2015-12-10,3.44,6.82,0
2015-12-11,1.69,6.37,0
2015-12-12,2.69,5.63,0
2015-12-13,1.82,5.88,0
2015-12-14,1.47,7.96,0
2015-12-15,1.36,8.66,0
2015-12-16,2.39,9.65,0
2015-12-17,4.52,10.1,0
2015-12-18,6.09,10.2,0
2015-12-19,4.3,9.99,0
2015-12-20,2.19,8.23,0
2015-12-21,3.85,7.84,0
2015-12-22,3.53,8.32,0
2015-12-23,2.58,7.15,0
2015-12-24,3.3,6.54,0
2015-12-25,1.4,6.13,0
2015-12-26,1.08,6.49,0
2015-12-27,0.887,6.37,0
2015-12-28,2.35,8.46,0
2015-12-29,3.52,7.75,0
2015-12-30,7.53,7.32,0
2015-12-31,4.76,5.45,0
